id,item_id,generation_id,game_index
1,1,3,1
2,1,4,1
3,1,5,1
4,1,6,1
5,1,7,1
6,1,8,1
7,2,3,2
8,2,4,2
9,2,5,2
10,2,6,2
11,2,7,2
12,2,8,2
13,3,3,3
14,3,4,3
15,3,5,3
16,3,6,3
17,3,7,3
18,3,8,3
19,4,3,4
20,4,4,4
21,4,5,4
22,4,6,4
23,4,7,4
24,4,8,4
25,5,3,5
26,5,4,5
27,5,5,5
28,5,6,5
29,5,7,5
30,5,8,5
31,6,3,6
32,6,4,6
33,6,5,6
34,6,6,6
35,6,7,6
36,6,8,6
37,7,3,7
38,7,4,7
39,7,5,7
40,7,6,7
41,7,7,7
42,7,8,7
43,8,3,8
44,8,4,8
45,8,5,8
46,8,6,8
47,8,7,8
48,8,8,8
49,9,3,9
50,9,4,9
51,9,5,9
52,9,6,9
53,9,7,9
54,9,8,9
55,10,3,10
56,10,4,10
57,10,5,10
58,10,6,10
59,10,7,10
60,10,8,10
61,11,3,11
62,11,4,11
63,11,5,11
64,11,6,11
65,11,7,11
66,11,8,11
67,12,3,12
68,12,4,12
69,12,5,12
70,12,6,12
71,12,7,12
72,12,8,12
73,13,4,13
74,13,5,13
75,13,6,13
76,13,7,13
77,13,8,13
78,14,4,14
79,14,5,14
80,14,6,14
81,14,7,14
82,14,8,14
83,15,4,15
84,15,5,15
85,15,6,15
86,15,7,15
87,15,8,15
88,16,4,16
89,16,5,16
90,16,6,16
91,16,7,16
92,16,8,16
93,17,3,13
94,17,4,17
95,17,5,17
96,17,6,17
97,17,7,17
98,17,8,17
99,18,3,14
100,18,4,18
101,18,5,18
102,18,6,18
103,18,7,18
104,18,8,18
105,19,3,15
106,19,4,19
107,19,5,19
108,19,6,19
109,19,7,19
110,19,8,19
111,20,3,16
112,20,4,20
113,20,5,20
114,20,6,20
115,20,7,20
116,20,8,20
117,21,3,17
118,21,4,21
119,21,5,21
120,21,6,21
121,21,7,21
122,21,8,21
123,22,3,18
124,22,4,22
125,22,5,22
126,22,6,22
127,22,7,22
128,22,8,22
129,23,3,19
130,23,4,23
131,23,5,23
132,23,6,23
133,23,7,23
134,23,8,23
135,24,3,20
136,24,4,24
137,24,5,24
138,24,6,24
139,24,7,24
140,24,8,24
141,25,3,21
142,25,4,25
143,25,5,25
144,25,6,25
145,25,7,25
146,25,8,25
147,26,3,22
148,26,4,26
149,26,5,26
150,26,6,26
151,26,7,26
152,26,8,26
153,27,3,23
154,27,4,27
155,27,5,27
156,27,6,27
157,27,7,27
158,27,8,27
159,28,3,24
160,28,4,28
161,28,5,28
162,28,6,28
163,28,7,28
164,28,8,28
165,29,3,25
166,29,4,29
167,29,5,29
168,29,6,29
169,29,7,29
170,29,8,29
171,30,3,26
172,30,4,30
173,30,5,30
174,30,6,30
175,30,7,30
176,30,8,30
177,31,3,27
178,31,4,31
179,31,5,31
180,31,6,31
181,31,7,31
182,31,8,31
183,32,3,28
184,32,4,32
185,32,5,32
186,32,6,32
187,32,7,32
188,32,8,32
189,33,3,29
190,33,4,33
191,33,5,33
192,33,6,33
193,33,7,33
194,33,8,33
195,34,3,30
196,34,4,34
197,34,5,34
198,34,6,34
199,34,7,34
200,34,8,34
201,35,3,31
202,35,4,35
203,35,5,35
204,35,6,35
205,35,7,35
206,35,8,35
207,36,3,32
208,36,4,36
209,36,5,36
210,36,6,36
211,36,7,36
212,36,8,36
213,37,3,33
214,37,4,37
215,37,5,37
216,37,6,37
217,37,7,37
218,37,8,37
219,38,3,34
220,38,4,38
221,38,5,38
222,38,6,38
223,38,7,38
224,38,8,38
225,39,3,35
226,39,4,39
227,39,5,39
228,39,6,39
229,39,7,39
230,39,8,39
231,40,3,36
232,40,4,40
233,40,5,40
234,40,6,40
235,40,7,40
236,40,8,40
237,41,3,37
238,41,4,41
239,41,5,41
240,41,6,41
241,41,7,41
242,41,8,41
243,42,3,38
244,42,4,42
245,42,5,42
246,42,6,42
247,42,7,42
248,42,8,42
249,43,3,44
250,43,4,43
251,43,5,43
252,43,6,43
253,43,7,43
254,43,8,43
255,44,3,45
256,44,4,44
257,44,5,44
258,44,6,44
259,44,7,44
260,44,8,44
261,45,3,63
262,45,4,45
263,45,5,45
264,45,6,45
265,45,7,45
266,45,8,45
267,46,3,64
268,46,4,46
269,46,5,46
270,46,6,46
271,46,7,46
272,46,8,46
273,47,3,65
274,47,4,47
275,47,5,47
276,47,6,47
277,47,7,47
278,47,8,47
279,48,3,66
280,48,4,48
281,48,5,48
282,48,6,48
283,48,7,48
284,48,8,48
285,49,3,67
286,49,4,49
287,49,5,49
288,49,6,49
289,49,7,49
290,49,8,49
291,50,3,68
292,50,4,50
293,50,5,50
294,50,6,50
295,50,7,50
296,50,8,50
297,51,3,69
298,51,4,51
299,51,5,51
300,51,6,51
301,51,7,51
302,51,8,51
303,52,3,70
304,52,4,52
305,52,5,52
306,52,6,52
307,52,7,52
308,52,8,52
309,53,3,71
310,53,4,53
311,53,5,53
312,53,6,53
313,53,7,53
314,53,8,53
315,54,4,54
316,54,5,54
317,54,6,54
318,54,7,54
319,54,8,54
320,55,3,73
321,55,4,55
322,55,5,55
323,55,6,55
324,55,7,55
325,55,8,55
326,56,3,74
327,56,4,56
328,56,5,56
329,56,6,56
330,56,7,56
331,56,8,56
332,57,3,75
333,57,4,57
334,57,5,57
335,57,6,57
336,57,7,57
337,57,8,57
338,58,3,76
339,58,4,58
340,58,5,58
341,58,6,58
342,58,7,58
343,58,8,58
344,59,3,77
345,59,4,59
346,59,5,59
347,59,6,59
348,59,7,59
349,59,8,59
350,60,3,78
351,60,4,60
352,60,5,60
353,60,6,60
354,60,7,60
355,60,8,60
356,61,3,79
357,61,4,61
358,61,5,61
359,61,6,61
360,61,7,61
361,61,8,61
362,62,4,62
363,62,5,62
364,62,6,62
365,62,7,62
366,62,8,62
367,63,3,80
368,63,4,63
369,63,5,63
370,63,6,63
371,63,7,63
372,63,8,63
373,64,3,81
374,64,4,64
375,64,5,64
376,64,6,64
377,64,7,64
378,64,8,64
379,65,3,39
380,65,4,65
381,65,5,65
382,65,6,65
383,65,7,65
384,65,8,65
385,66,3,40
386,66,4,66
387,66,5,66
388,66,6,66
389,66,7,66
390,66,8,66
391,67,3,41
392,67,4,67
393,67,5,67
394,67,6,67
395,67,7,67
396,67,8,67
397,68,3,42
398,68,4,68
399,68,5,68
400,68,6,68
401,68,7,68
402,68,8,68
403,69,3,43
404,69,4,69
405,69,5,69
406,69,6,69
407,69,7,69
408,69,8,69
409,70,3,46
410,70,4,70
411,70,5,70
412,70,6,70
413,70,7,70
414,70,8,70
415,71,3,47
416,71,4,71
417,71,5,71
418,71,6,71
419,71,7,71
420,71,8,71
421,72,3,48
422,72,4,72
423,72,5,72
424,72,6,72
425,72,7,72
426,72,8,72
427,73,3,49
428,73,4,73
429,73,5,73
430,73,6,73
431,73,7,73
432,73,8,73
433,74,3,50
434,74,4,74
435,74,5,74
436,74,6,74
437,74,7,74
438,74,8,74
439,75,3,51
440,75,4,75
441,75,5,75
442,75,6,75
443,75,7,75
444,75,8,75
445,76,3,83
446,76,4,76
447,76,5,76
448,76,6,76
449,76,7,76
450,76,8,76
451,77,3,84
452,77,4,77
453,77,5,77
454,77,6,77
455,77,7,77
456,77,8,77
457,78,3,85
458,78,4,78
459,78,5,78
460,78,6,78
461,78,7,78
462,78,8,78
463,79,3,86
464,79,4,79
465,79,5,79
466,79,6,79
467,79,7,79
468,79,8,79
469,80,3,93
470,80,4,80
471,80,5,80
472,80,6,80
473,80,7,80
474,80,8,80
475,81,3,94
476,81,4,81
477,81,5,81
478,81,6,81
479,81,7,81
480,81,8,81
481,82,3,95
482,82,4,82
483,82,5,82
484,82,6,82
485,82,7,82
486,82,8,82
487,83,3,96
488,83,4,83
489,83,5,83
490,83,6,83
491,83,7,83
492,83,8,83
493,84,3,97
494,84,4,84
495,84,5,84
496,84,6,84
497,84,7,84
498,84,8,84
499,85,3,98
500,85,4,85
501,85,5,85
502,85,6,85
503,85,7,85
504,85,8,85
505,86,3,103
506,86,4,86
507,86,5,86
508,86,6,86
509,86,7,86
510,86,8,86
511,87,3,104
512,87,4,87
513,87,5,87
514,87,6,87
515,87,7,87
516,87,8,87
517,88,3,106
518,88,4,88
519,88,5,88
520,88,6,88
521,88,7,88
522,88,8,88
523,89,3,107
524,89,4,89
525,89,5,89
526,89,6,89
527,89,7,89
528,89,8,89
529,90,3,108
530,90,4,90
531,90,5,90
532,90,6,90
533,90,7,90
534,90,8,90
535,91,3,109
536,91,4,91
537,91,5,91
538,91,6,91
539,91,7,91
540,91,8,91
541,92,3,110
542,92,4,92
543,92,5,92
544,92,6,92
545,92,7,92
546,92,8,92
547,93,3,111
548,93,4,93
549,93,5,93
550,93,6,93
551,93,7,93
552,93,8,93
553,94,4,94
554,94,5,94
555,94,6,94
556,94,7,94
557,94,8,94
558,95,4,95
559,95,5,95
560,95,6,95
561,95,7,95
562,95,8,95
563,96,4,96
564,96,5,96
565,96,6,96
566,96,7,96
567,96,8,96
568,97,4,97
569,97,5,97
570,97,6,97
571,97,7,97
572,97,8,97
573,98,4,98
574,98,5,98
575,98,6,98
576,98,7,98
577,98,8,98
578,99,3,286
579,99,4,99
580,99,5,99
581,99,6,99
582,99,7,99
583,99,8,99
584,100,3,287
585,100,4,100
586,100,5,100
587,100,6,100
588,100,7,100
589,100,8,100
590,101,3,357
591,101,4,101
592,101,5,101
593,101,6,101
594,101,7,101
595,101,8,101
596,102,3,358
597,102,4,102
598,102,5,102
599,102,6,102
600,102,7,102
601,102,8,102
602,103,3,354
603,103,4,103
604,103,5,103
605,103,6,103
606,103,7,103
607,103,8,103
608,104,4,104
609,104,5,104
610,104,6,104
611,104,7,104
612,104,8,104
613,105,4,105
614,105,5,105
615,105,6,105
616,105,7,105
617,105,8,105
618,106,4,106
619,106,5,106
620,106,6,106
621,106,7,106
622,106,8,106
623,107,4,107
624,107,5,107
625,107,6,107
626,107,7,107
627,107,8,107
628,108,4,108
629,108,5,108
630,108,6,108
631,108,7,108
632,108,8,108
633,109,4,109
634,109,5,109
635,109,6,109
636,109,7,109
637,109,8,109
638,110,4,110
639,110,5,110
640,110,6,110
641,110,7,110
642,110,8,110
643,111,4,111
644,111,5,111
645,111,6,111
646,111,7,111
647,111,8,111
648,112,4,135
649,112,5,135
650,112,6,135
651,112,7,135
652,112,8,135
653,113,4,136
654,113,5,136
655,113,6,136
656,113,7,136
657,113,8,136
658,114,4,137
659,115,4,138
660,116,4,139
661,117,4,140
662,118,4,141
663,119,4,142
664,120,4,143
665,121,4,144
666,122,4,145
667,123,4,146
668,124,4,147
669,125,4,148
670,126,3,133
671,126,4,149
672,126,5,149
673,126,6,149
674,126,7,149
675,126,8,149
676,127,3,134
677,127,4,150
678,127,5,150
679,127,6,150
680,127,7,150
681,127,8,150
682,128,3,135
683,128,4,151
684,128,5,151
685,128,6,151
686,128,7,151
687,128,8,151
688,129,3,136
689,129,4,152
690,129,5,152
691,129,6,152
692,129,7,152
693,129,8,152
694,130,3,137
695,130,4,153
696,130,5,153
697,130,6,153
698,130,7,153
699,130,8,153
700,131,3,138
701,131,4,154
702,131,5,154
703,131,6,154
704,131,7,154
705,131,8,154
706,132,3,139
707,132,4,155
708,132,5,155
709,132,6,155
710,132,7,155
711,132,8,155
712,133,3,140
713,133,4,156
714,133,5,156
715,133,6,156
716,133,7,156
717,133,8,156
718,134,3,141
719,134,4,157
720,134,5,157
721,134,6,157
722,134,7,157
723,134,8,157
724,135,3,142
725,135,4,158
726,135,5,158
727,135,6,158
728,135,7,158
729,135,8,158
730,136,3,143
731,136,4,159
732,136,5,159
733,136,6,159
734,136,7,159
735,136,8,159
736,137,3,144
737,137,4,160
738,137,5,160
739,137,6,160
740,137,7,160
741,137,8,160
742,138,3,145
743,138,4,161
744,138,5,161
745,138,6,161
746,138,7,161
747,138,8,161
748,139,3,146
749,139,4,162
750,139,5,162
751,139,6,162
752,139,7,162
753,139,8,162
754,140,3,147
755,140,4,163
756,140,5,163
757,140,6,163
758,140,7,163
759,140,8,163
760,141,3,148
761,141,4,164
762,141,5,164
763,141,6,164
764,141,7,164
765,141,8,164
766,142,3,149
767,142,4,165
768,142,5,165
769,142,6,165
770,142,7,165
771,142,8,165
772,143,3,150
773,143,4,166
774,143,5,166
775,143,6,166
776,143,7,166
777,143,8,166
778,144,3,151
779,144,4,167
780,144,5,167
781,144,6,167
782,144,7,167
783,144,8,167
784,145,3,152
785,145,4,168
786,145,5,168
787,145,6,168
788,145,7,168
789,145,8,168
790,146,3,153
791,146,4,169
792,146,5,169
793,146,6,169
794,146,7,169
795,146,8,169
796,147,3,154
797,147,4,170
798,147,5,170
799,147,6,170
800,147,7,170
801,147,8,170
802,148,3,155
803,148,4,171
804,148,5,171
805,148,6,171
806,148,7,171
807,148,8,171
808,149,3,156
809,149,4,172
810,149,5,172
811,149,6,172
812,149,7,172
813,149,8,172
814,150,3,157
815,150,4,173
816,150,5,173
817,150,6,173
818,150,7,173
819,150,8,173
820,151,3,158
821,151,4,174
822,151,5,174
823,151,6,174
824,151,7,174
825,151,8,174
826,152,3,159
827,152,4,175
828,152,5,175
829,152,6,175
830,152,7,175
831,152,8,175
832,153,3,160
833,153,4,176
834,153,5,176
835,153,6,176
836,153,7,176
837,153,8,176
838,154,3,161
839,154,4,177
840,154,5,177
841,154,6,177
842,154,7,177
843,154,8,177
844,155,3,162
845,155,4,178
846,155,5,178
847,155,6,178
848,155,7,178
849,155,8,178
850,156,3,163
851,156,4,179
852,156,5,179
853,156,6,179
854,156,7,179
855,156,8,179
856,157,3,164
857,157,4,180
858,157,5,180
859,157,6,180
860,157,7,180
861,157,8,180
862,158,3,165
863,158,4,181
864,158,5,181
865,158,6,181
866,158,7,181
867,158,8,181
868,159,3,166
869,159,4,182
870,159,5,182
871,159,6,182
872,159,7,182
873,159,8,182
874,160,3,167
875,160,4,183
876,160,5,183
877,160,6,183
878,160,7,183
879,160,8,183
880,161,4,184
881,161,5,184
882,161,6,184
883,161,7,184
884,161,8,184
885,162,4,185
886,162,5,185
887,162,6,185
888,162,7,185
889,162,8,185
890,163,4,186
891,163,5,186
892,163,6,186
893,163,7,186
894,163,8,186
895,164,4,187
896,164,5,187
897,164,6,187
898,164,7,187
899,164,8,187
900,165,4,188
901,165,5,188
902,165,6,188
903,165,7,188
904,165,8,188
905,166,4,189
906,166,5,189
907,166,6,189
908,166,7,189
909,166,8,189
910,167,4,190
911,167,5,190
912,167,6,190
913,167,7,190
914,167,8,190
915,168,4,191
916,168,5,191
917,168,6,191
918,168,7,191
919,168,8,191
920,169,4,192
921,169,5,192
922,169,6,192
923,169,7,192
924,169,8,192
925,170,4,193
926,170,5,193
927,170,6,193
928,170,7,193
929,170,8,193
930,171,4,194
931,171,5,194
932,171,6,194
933,171,7,194
934,171,8,194
935,172,4,195
936,172,5,195
937,172,6,195
938,172,7,195
939,172,8,195
940,173,4,196
941,173,5,196
942,173,6,196
943,173,7,196
944,173,8,196
945,174,4,197
946,174,5,197
947,174,6,197
948,174,7,197
949,174,8,197
950,175,4,198
951,175,5,198
952,175,6,198
953,175,7,198
954,175,8,198
955,176,4,199
956,176,5,199
957,176,6,199
958,176,7,199
959,176,8,199
960,177,4,200
961,177,5,200
962,177,6,200
963,177,7,200
964,177,8,200
965,178,3,168
966,178,4,201
967,178,5,201
968,178,6,201
969,178,7,201
970,178,8,201
971,179,3,169
972,179,4,202
973,179,5,202
974,179,6,202
975,179,7,202
976,179,8,202
977,180,3,170
978,180,4,203
979,180,5,203
980,180,6,203
981,180,7,203
982,180,8,203
983,181,3,171
984,181,4,204
985,181,5,204
986,181,6,204
987,181,7,204
988,181,8,204
989,182,3,172
990,182,4,205
991,182,5,205
992,182,6,205
993,182,7,205
994,182,8,205
995,183,3,173
996,183,4,206
997,183,5,206
998,183,6,206
999,183,7,206
1000,183,8,206
1001,184,3,174
1002,184,4,207
1003,184,5,207
1004,184,6,207
1005,184,7,207
1006,184,8,207
1007,185,3,175
1008,185,4,208
1009,185,5,208
1010,185,6,208
1011,185,7,208
1012,185,8,208
1013,186,4,209
1014,186,5,209
1015,186,6,209
1016,186,7,209
1017,186,8,209
1018,187,4,210
1019,187,5,210
1020,187,6,210
1021,187,7,210
1022,187,8,210
1023,188,4,211
1024,188,5,211
1025,188,6,211
1026,188,7,211
1027,188,8,211
1028,189,4,212
1029,189,5,212
1030,189,6,212
1031,189,7,212
1032,189,8,212
1033,190,3,179
1034,190,4,213
1035,190,5,213
1036,190,6,213
1037,190,7,213
1038,190,8,213
1039,191,3,180
1040,191,4,214
1041,191,5,214
1042,191,6,214
1043,191,7,214
1044,191,8,214
1045,192,3,181
1046,192,4,215
1047,192,5,215
1048,192,6,215
1049,192,7,215
1050,192,8,215
1051,193,3,182
1052,193,4,216
1053,193,5,216
1054,193,6,216
1055,193,7,216
1056,193,8,216
1057,194,3,183
1058,194,4,217
1059,194,5,217
1060,194,6,217
1061,194,7,217
1062,194,8,217
1063,195,3,184
1064,195,4,218
1065,195,5,218
1066,195,6,218
1067,195,7,218
1068,195,8,218
1069,196,3,185
1070,196,4,219
1071,196,5,219
1072,196,6,219
1073,196,7,219
1074,196,8,219
1075,197,3,186
1076,197,4,220
1077,197,5,220
1078,197,6,220
1079,197,7,220
1080,197,8,220
1081,198,3,187
1082,198,4,221
1083,198,5,221
1084,198,6,221
1085,198,7,221
1086,198,8,221
1087,199,3,188
1088,199,4,222
1089,199,5,222
1090,199,6,222
1091,199,7,222
1092,199,8,222
1093,200,3,189
1094,200,4,223
1095,200,5,223
1096,200,6,223
1097,200,7,223
1098,200,8,223
1099,201,3,190
1100,201,4,224
1101,201,5,224
1102,201,6,224
1103,201,7,224
1104,201,8,224
1105,202,3,191
1106,202,4,225
1107,202,5,225
1108,202,6,225
1109,202,7,225
1110,202,8,225
1111,203,3,192
1112,203,4,226
1113,203,5,226
1114,203,6,226
1115,203,7,226
1116,203,8,226
1117,204,3,193
1118,204,4,227
1119,204,5,227
1120,204,6,227
1121,204,7,227
1122,204,8,227
1123,205,3,194
1124,205,4,228
1125,205,5,228
1126,205,6,228
1127,205,7,228
1128,205,8,228
1129,206,3,195
1130,206,4,229
1131,206,5,229
1132,206,6,229
1133,206,7,229
1134,206,8,229
1135,207,3,196
1136,207,4,230
1137,207,5,230
1138,207,6,230
1139,207,7,230
1140,207,8,230
1141,208,3,197
1142,208,4,231
1143,208,5,231
1144,208,6,231
1145,208,7,231
1146,208,8,231
1147,209,3,198
1148,209,4,232
1149,209,5,232
1150,209,6,232
1151,209,7,232
1152,209,8,232
1153,210,3,199
1154,210,4,233
1155,210,5,233
1156,210,6,233
1157,210,7,233
1158,210,8,233
1159,211,3,200
1160,211,4,234
1161,211,5,234
1162,211,6,234
1163,211,7,234
1164,211,8,234
1165,212,3,201
1166,212,4,235
1167,212,5,235
1168,212,6,235
1169,212,7,235
1170,212,8,235
1171,213,3,202
1172,213,4,236
1173,213,5,236
1174,213,6,236
1175,213,7,236
1176,213,8,236
1177,214,3,203
1178,214,4,237
1179,214,5,237
1180,214,6,237
1181,214,7,237
1182,214,8,237
1183,215,3,204
1184,215,4,238
1185,215,5,238
1186,215,6,238
1187,215,7,238
1188,215,8,238
1189,216,3,205
1190,216,4,239
1191,216,5,239
1192,216,6,239
1193,216,7,239
1194,216,8,239
1195,217,3,206
1196,217,4,240
1197,217,5,240
1198,217,6,240
1199,217,7,240
1200,217,8,240
1201,218,3,207
1202,218,4,241
1203,218,5,241
1204,218,6,241
1205,218,7,241
1206,218,8,241
1207,219,3,208
1208,219,4,242
1209,219,5,242
1210,219,6,242
1211,219,7,242
1212,219,8,242
1213,220,3,209
1214,220,4,243
1215,220,5,243
1216,220,6,243
1217,220,7,243
1218,220,8,243
1219,221,3,210
1220,221,4,244
1221,221,5,244
1222,221,6,244
1223,221,7,244
1224,221,8,244
1225,222,3,211
1226,222,4,245
1227,222,5,245
1228,222,6,245
1229,222,7,245
1230,222,8,245
1231,223,3,212
1232,223,4,246
1233,223,5,246
1234,223,6,246
1235,223,7,246
1236,223,8,246
1237,224,3,213
1238,224,4,247
1239,224,5,247
1240,224,6,247
1241,224,7,247
1242,224,8,247
1243,225,3,214
1244,225,4,248
1245,225,5,248
1246,225,6,248
1247,225,7,248
1248,225,8,248
1249,226,3,215
1250,226,4,249
1251,226,5,249
1252,226,6,249
1253,226,7,249
1254,226,8,249
1255,227,3,216
1256,227,4,250
1257,227,5,250
1258,227,6,250
1259,227,7,250
1260,227,8,250
1261,228,3,217
1262,228,4,251
1263,228,5,251
1264,228,6,251
1265,228,7,251
1266,228,8,251
1267,229,3,218
1268,229,4,252
1269,229,5,252
1270,229,6,252
1271,229,7,252
1272,229,8,252
1273,230,3,219
1274,230,4,253
1275,230,5,253
1276,230,6,253
1277,230,7,253
1278,230,8,253
1279,231,3,220
1280,231,4,254
1281,231,5,254
1282,231,6,254
1283,231,7,254
1284,231,8,254
1285,232,3,221
1286,232,4,255
1287,232,5,255
1288,232,6,255
1289,232,7,255
1290,232,8,255
1291,233,3,222
1292,233,4,256
1293,233,5,256
1294,233,6,256
1295,233,7,256
1296,233,8,256
1297,234,3,223
1298,234,4,257
1299,234,5,257
1300,234,6,257
1301,234,7,257
1302,234,8,257
1303,235,3,224
1304,235,4,258
1305,235,5,258
1306,235,6,258
1307,235,7,258
1308,235,8,258
1309,236,3,225
1310,236,4,259
1311,236,5,259
1312,236,6,259
1313,236,7,259
1314,236,8,259
1315,237,3,254
1316,237,4,260
1317,237,5,260
1318,237,6,260
1319,237,7,260
1320,237,8,260
1321,238,3,255
1322,238,4,261
1323,238,5,261
1324,238,6,261
1325,238,7,261
1326,238,8,261
1327,239,3,256
1328,239,4,262
1329,239,5,262
1330,239,6,262
1331,239,7,262
1332,239,8,262
1333,240,3,257
1334,240,4,263
1335,240,5,263
1336,240,6,263
1337,240,7,263
1338,240,8,263
1339,241,3,258
1340,241,4,264
1341,241,5,264
1342,241,6,264
1343,241,7,264
1344,241,8,264
1345,242,4,265
1346,242,5,265
1347,242,6,265
1348,242,7,265
1349,242,8,265
1350,243,4,266
1351,243,5,266
1352,243,6,266
1353,243,7,266
1354,243,8,266
1355,244,4,267
1356,244,5,267
1357,244,6,267
1358,244,7,267
1359,244,8,267
1360,245,4,268
1361,245,5,268
1362,245,6,268
1363,245,7,268
1364,245,8,268
1365,246,4,269
1366,246,5,269
1367,246,6,269
1368,246,7,269
1369,246,8,269
1370,247,4,270
1371,247,5,270
1372,247,6,270
1373,247,7,270
1374,247,8,270
1375,248,4,271
1376,248,5,271
1377,248,6,271
1378,248,7,271
1379,248,8,271
1380,249,4,272
1381,249,5,272
1382,249,6,272
1383,249,7,272
1384,249,8,272
1385,250,4,273
1386,250,5,273
1387,250,6,273
1388,250,7,273
1389,250,8,273
1390,251,4,274
1391,251,5,274
1392,251,6,274
1393,251,7,274
1394,251,8,274
1395,252,4,275
1396,252,5,275
1397,252,6,275
1398,252,7,275
1399,252,8,275
1400,253,4,276
1401,253,5,276
1402,253,6,276
1403,253,7,276
1404,253,8,276
1405,254,4,277
1406,254,5,277
1407,254,6,277
1408,254,7,277
1409,254,8,277
1410,255,4,278
1411,255,5,278
1412,255,6,278
1413,255,7,278
1414,255,8,278
1415,256,4,279
1416,256,5,279
1417,256,6,279
1418,256,7,279
1419,256,8,279
1420,257,4,280
1421,257,5,280
1422,257,6,280
1423,257,7,280
1424,257,8,280
1425,258,4,281
1426,258,5,281
1427,258,6,281
1428,258,7,281
1429,258,8,281
1430,259,4,282
1431,259,5,282
1432,259,6,282
1433,259,7,282
1434,259,8,282
1435,260,4,283
1436,260,5,283
1437,260,6,283
1438,260,7,283
1439,260,8,283
1440,261,4,284
1441,261,5,284
1442,261,6,284
1443,261,7,284
1444,261,8,284
1445,262,4,285
1446,262,5,285
1447,262,6,285
1448,262,7,285
1449,262,8,285
1450,263,4,286
1451,263,5,286
1452,263,6,286
1453,263,7,286
1454,263,8,286
1455,264,4,287
1456,264,5,287
1457,264,6,287
1458,264,7,287
1459,264,8,287
1460,265,4,288
1461,265,5,288
1462,265,6,288
1463,265,7,288
1464,265,8,288
1465,266,4,289
1466,266,5,289
1467,266,6,289
1468,266,7,289
1469,266,8,289
1470,267,4,290
1471,267,5,290
1472,267,6,290
1473,267,7,290
1474,267,8,290
1475,268,4,291
1476,268,5,291
1477,268,6,291
1478,268,7,291
1479,268,8,291
1480,269,4,292
1481,269,5,292
1482,269,6,292
1483,269,7,292
1484,269,8,292
1485,270,4,293
1486,270,5,293
1487,270,6,293
1488,270,7,293
1489,270,8,293
1490,271,4,294
1491,271,5,294
1492,271,6,294
1493,271,7,294
1494,271,8,294
1495,272,4,295
1496,272,5,295
1497,272,6,295
1498,272,7,295
1499,272,8,295
1500,273,4,296
1501,273,5,296
1502,273,6,296
1503,273,7,296
1504,273,8,296
1505,274,4,297
1506,274,5,297
1507,274,6,297
1508,274,7,297
1509,274,8,297
1510,275,4,298
1511,275,5,298
1512,275,6,298
1513,275,7,298
1514,275,8,298
1515,276,4,299
1516,276,5,299
1517,276,6,299
1518,276,7,299
1519,276,8,299
1520,277,4,300
1521,277,5,300
1522,277,6,300
1523,277,7,300
1524,277,8,300
1525,278,4,301
1526,278,5,301
1527,278,6,301
1528,278,7,301
1529,278,8,301
1530,279,4,302
1531,279,5,302
1532,279,6,302
1533,279,7,302
1534,279,8,302
1535,280,4,303
1536,280,5,303
1537,280,6,303
1538,280,7,303
1539,280,8,303
1540,281,4,304
1541,281,5,304
1542,281,6,304
1543,281,7,304
1544,281,8,304
1545,282,4,305
1546,282,5,305
1547,282,6,305
1548,282,7,305
1549,282,8,305
1550,283,4,306
1551,283,5,306
1552,283,6,306
1553,283,7,306
1554,283,8,306
1555,284,4,307
1556,284,5,307
1557,284,6,307
1558,284,7,307
1559,284,8,307
1560,285,4,308
1561,285,5,308
1562,285,6,308
1563,285,7,308
1564,285,8,308
1565,286,4,309
1566,286,5,309
1567,286,6,309
1568,286,7,309
1569,286,8,309
1570,287,4,310
1571,287,5,310
1572,287,6,310
1573,287,7,310
1574,287,8,310
1575,288,4,311
1576,288,5,311
1577,288,6,311
1578,288,7,311
1579,288,8,311
1580,289,4,312
1581,289,5,312
1582,289,6,312
1583,289,7,312
1584,289,8,312
1585,290,4,313
1586,290,5,313
1587,290,6,313
1588,290,7,313
1589,290,8,313
1590,291,4,314
1591,291,5,314
1592,291,6,314
1593,291,7,314
1594,291,8,314
1595,292,4,315
1596,292,5,315
1597,292,6,315
1598,292,7,315
1599,292,8,315
1600,293,4,316
1601,293,5,316
1602,293,6,316
1603,293,7,316
1604,293,8,316
1605,294,4,317
1606,294,5,317
1607,294,6,317
1608,294,7,317
1609,294,8,317
1610,295,4,318
1611,295,5,318
1612,295,6,318
1613,295,7,318
1614,295,8,318
1615,296,4,319
1616,296,5,319
1617,296,6,319
1618,296,7,319
1619,296,8,319
1620,297,4,320
1621,297,5,320
1622,297,6,320
1623,297,7,320
1624,297,8,320
1625,298,4,321
1626,298,5,321
1627,298,6,321
1628,298,7,321
1629,298,8,321
1630,299,4,322
1631,299,5,322
1632,299,6,322
1633,299,7,322
1634,299,8,322
1635,300,4,323
1636,300,5,323
1637,300,6,323
1638,300,7,323
1639,300,8,323
1640,301,4,324
1641,301,5,324
1642,301,6,324
1643,301,7,324
1644,301,8,324
1645,302,4,325
1646,302,5,325
1647,302,6,325
1648,302,7,325
1649,302,8,325
1650,303,4,326
1651,303,5,326
1652,303,6,326
1653,303,7,326
1654,303,8,326
1655,304,4,327
1656,304,5,327
1657,304,6,327
1658,304,7,327
1659,304,8,327
1660,305,3,289
1661,305,4,328
1662,305,5,328
1663,305,6,328
1664,305,7,328
1665,305,8,328
1666,306,3,290
1667,306,4,329
1668,306,5,329
1669,306,6,329
1670,306,7,329
1671,306,8,329
1672,307,3,291
1673,307,4,330
1674,307,5,330
1675,307,6,330
1676,307,7,330
1677,307,8,330
1678,308,3,292
1679,308,4,331
1680,308,5,331
1681,308,6,331
1682,308,7,331
1683,308,8,331
1684,309,3,293
1685,309,4,332
1686,309,5,332
1687,309,6,332
1688,309,7,332
1689,309,8,332
1690,310,3,294
1691,310,4,333
1692,310,5,333
1693,310,6,333
1694,310,7,333
1695,310,8,333
1696,311,3,295
1697,311,4,334
1698,311,5,334
1699,311,6,334
1700,311,7,334
1701,311,8,334
1702,312,3,296
1703,312,4,335
1704,312,5,335
1705,312,6,335
1706,312,7,335
1707,312,8,335
1708,313,3,297
1709,313,4,336
1710,313,5,336
1711,313,6,336
1712,313,7,336
1713,313,8,336
1714,314,3,298
1715,314,4,337
1716,314,5,337
1717,314,6,337
1718,314,7,337
1719,314,8,337
1720,315,3,299
1721,315,4,338
1722,315,5,338
1723,315,6,338
1724,315,7,338
1725,315,8,338
1726,316,3,300
1727,316,4,339
1728,316,5,339
1729,316,6,339
1730,316,7,339
1731,316,8,339
1732,317,3,301
1733,317,4,340
1734,317,5,340
1735,317,6,340
1736,317,7,340
1737,317,8,340
1738,318,3,302
1739,318,4,341
1740,318,5,341
1741,318,6,341
1742,318,7,341
1743,318,8,341
1744,319,3,303
1745,319,4,342
1746,319,5,342
1747,319,6,342
1748,319,7,342
1749,319,8,342
1750,320,3,304
1751,320,4,343
1752,320,5,343
1753,320,6,343
1754,320,7,343
1755,320,8,343
1756,321,3,305
1757,321,4,344
1758,321,5,344
1759,321,6,344
1760,321,7,344
1761,321,8,344
1762,322,3,306
1763,322,4,345
1764,322,5,345
1765,322,6,345
1766,322,7,345
1767,322,8,345
1768,323,3,307
1769,323,4,346
1770,323,5,346
1771,323,6,346
1772,323,7,346
1773,323,8,346
1774,324,3,308
1775,324,4,347
1776,324,5,347
1777,324,6,347
1778,324,7,347
1779,324,8,347
1780,325,3,309
1781,325,4,348
1782,325,5,348
1783,325,6,348
1784,325,7,348
1785,325,8,348
1786,326,3,310
1787,326,4,349
1788,326,5,349
1789,326,6,349
1790,326,7,349
1791,326,8,349
1792,327,3,311
1793,327,4,350
1794,327,5,350
1795,327,6,350
1796,327,7,350
1797,327,8,350
1798,328,3,312
1799,328,4,351
1800,328,5,351
1801,328,6,351
1802,328,7,351
1803,328,8,351
1804,329,3,313
1805,329,4,352
1806,329,5,352
1807,329,6,352
1808,329,7,352
1809,329,8,352
1810,330,3,314
1811,330,4,353
1812,330,5,353
1813,330,6,353
1814,330,7,353
1815,330,8,353
1816,331,3,315
1817,331,4,354
1818,331,5,354
1819,331,6,354
1820,331,7,354
1821,331,8,354
1822,332,3,316
1823,332,4,355
1824,332,5,355
1825,332,6,355
1826,332,7,355
1827,332,8,355
1828,333,3,317
1829,333,4,356
1830,333,5,356
1831,333,6,356
1832,333,7,356
1833,333,8,356
1834,334,3,318
1835,334,4,357
1836,334,5,357
1837,334,6,357
1838,334,7,357
1839,334,8,357
1840,335,3,319
1841,335,4,358
1842,335,5,358
1843,335,6,358
1844,335,7,358
1845,335,8,358
1846,336,3,320
1847,336,4,359
1848,336,5,359
1849,336,6,359
1850,336,7,359
1851,336,8,359
1852,337,3,321
1853,337,4,360
1854,337,5,360
1855,337,6,360
1856,337,7,360
1857,337,8,360
1858,338,3,322
1859,338,4,361
1860,338,5,361
1861,338,6,361
1862,338,7,361
1863,338,8,361
1864,339,3,323
1865,339,4,362
1866,339,5,362
1867,339,6,362
1868,339,7,362
1869,339,8,362
1870,340,3,324
1871,340,4,363
1872,340,5,363
1873,340,6,363
1874,340,7,363
1875,340,8,363
1876,341,3,325
1877,341,4,364
1878,341,5,364
1879,341,6,364
1880,341,7,364
1881,341,8,364
1882,342,3,326
1883,342,4,365
1884,342,5,365
1885,342,6,365
1886,342,7,365
1887,342,8,365
1888,343,3,327
1889,343,4,366
1890,343,5,366
1891,343,6,366
1892,343,7,366
1893,343,8,366
1894,344,3,328
1895,344,4,367
1896,344,5,367
1897,344,6,367
1898,344,7,367
1899,344,8,367
1900,345,3,329
1901,345,4,368
1902,345,5,368
1903,345,6,368
1904,345,7,368
1905,345,8,368
1906,346,3,330
1907,346,4,369
1908,346,5,369
1909,346,6,369
1910,346,7,369
1911,346,8,369
1912,347,3,331
1913,347,4,370
1914,347,5,370
1915,347,6,370
1916,347,7,370
1917,347,8,370
1918,348,3,332
1919,348,4,371
1920,348,5,371
1921,348,6,371
1922,348,7,371
1923,348,8,371
1924,349,3,333
1925,349,4,372
1926,349,5,372
1927,349,6,372
1928,349,7,372
1929,349,8,372
1930,350,3,334
1931,350,4,373
1932,350,5,373
1933,350,6,373
1934,350,7,373
1935,350,8,373
1936,351,3,335
1937,351,4,374
1938,351,5,374
1939,351,6,374
1940,351,7,374
1941,351,8,374
1942,352,3,336
1943,352,4,375
1944,352,5,375
1945,352,6,375
1946,352,7,375
1947,352,8,375
1948,353,3,337
1949,353,4,376
1950,353,5,376
1951,353,6,376
1952,353,7,376
1953,353,8,376
1954,354,3,338
1955,354,4,377
1956,354,5,377
1957,354,6,377
1958,354,7,377
1959,354,8,377
1960,355,4,378
1961,355,5,378
1962,355,6,378
1963,355,7,378
1964,355,8,378
1965,356,4,379
1966,356,5,379
1967,356,6,379
1968,356,7,379
1969,356,8,379
1970,357,4,380
1971,357,5,380
1972,357,6,380
1973,357,7,380
1974,357,8,380
1975,358,4,381
1976,358,5,381
1977,358,6,381
1978,358,7,381
1979,358,8,381
1980,359,4,382
1981,359,5,382
1982,359,6,382
1983,359,7,382
1984,359,8,382
1985,360,4,383
1986,360,5,383
1987,360,6,383
1988,360,7,383
1989,360,8,383
1990,361,4,384
1991,361,5,384
1992,361,6,384
1993,361,7,384
1994,361,8,384
1995,362,4,385
1996,362,5,385
1997,362,6,385
1998,362,7,385
1999,362,8,385
2000,363,4,386
2001,363,5,386
2002,363,6,386
2003,363,7,386
2004,363,8,386
2005,364,4,387
2006,364,5,387
2007,364,6,387
2008,364,7,387
2009,364,8,387
2010,365,4,388
2011,365,5,388
2012,365,6,388
2013,365,7,388
2014,365,8,388
2015,366,4,389
2016,366,5,389
2017,366,6,389
2018,366,7,389
2019,366,8,389
2020,367,4,390
2021,367,5,390
2022,367,6,390
2023,367,7,390
2024,367,8,390
2025,368,4,391
2026,368,5,391
2027,368,6,391
2028,368,7,391
2029,368,8,391
2030,369,4,392
2031,369,5,392
2032,369,6,392
2033,369,7,392
2034,369,8,392
2035,370,4,393
2036,370,5,393
2037,370,6,393
2038,370,7,393
2039,370,8,393
2040,371,4,394
2041,371,5,394
2042,371,6,394
2043,371,7,394
2044,371,8,394
2045,372,4,395
2046,372,5,395
2047,372,6,395
2048,372,7,395
2049,372,8,395
2050,373,4,396
2051,373,5,396
2052,373,6,396
2053,373,7,396
2054,373,8,396
2055,374,4,397
2056,374,5,397
2057,374,6,397
2058,374,7,397
2059,374,8,397
2060,375,4,398
2061,375,5,398
2062,375,6,398
2063,375,7,398
2064,375,8,398
2065,376,4,399
2066,376,5,399
2067,376,6,399
2068,376,7,399
2069,376,8,399
2070,377,4,400
2071,377,5,400
2072,377,6,400
2073,377,7,400
2074,377,8,400
2075,378,4,401
2076,378,5,401
2077,378,6,401
2078,378,7,401
2079,378,8,401
2080,379,4,402
2081,379,5,402
2082,379,6,402
2083,379,7,402
2084,379,8,402
2085,380,4,403
2086,380,5,403
2087,380,6,403
2088,380,7,403
2089,380,8,403
2090,381,4,404
2091,381,5,404
2092,381,6,404
2093,381,7,404
2094,381,8,404
2095,382,4,405
2096,382,5,405
2097,382,6,405
2098,382,7,405
2099,382,8,405
2100,383,4,406
2101,383,5,406
2102,383,6,406
2103,383,7,406
2104,383,8,406
2105,384,4,407
2106,384,5,407
2107,384,6,407
2108,384,7,407
2109,384,8,407
2110,385,4,408
2111,385,5,408
2112,385,6,408
2113,385,7,408
2114,385,8,408
2115,386,4,409
2116,386,5,409
2117,386,6,409
2118,386,7,409
2119,386,8,409
2120,387,4,410
2121,387,5,410
2122,387,6,410
2123,387,7,410
2124,387,8,410
2125,388,4,411
2126,388,5,411
2127,388,6,411
2128,388,7,411
2129,388,8,411
2130,389,4,412
2131,389,5,412
2132,389,6,412
2133,389,7,412
2134,389,8,412
2135,390,4,413
2136,390,5,413
2137,390,6,413
2138,390,7,413
2139,390,8,413
2140,391,4,414
2141,391,5,414
2142,391,6,414
2143,391,7,414
2144,391,8,414
2145,392,4,415
2146,392,5,415
2147,392,6,415
2148,392,7,415
2149,392,8,415
2150,393,4,416
2151,393,5,416
2152,393,6,416
2153,393,7,416
2154,393,8,416
2155,394,4,417
2156,394,5,417
2157,394,6,417
2158,394,7,417
2159,394,8,417
2160,395,4,418
2161,395,5,418
2162,395,6,418
2163,395,7,418
2164,395,8,418
2165,396,4,419
2166,396,5,419
2167,396,6,419
2168,396,7,419
2169,396,8,419
2170,397,3,339
2171,397,4,420
2172,397,5,420
2173,397,6,420
2174,397,7,420
2175,397,8,420
2176,398,3,340
2177,398,4,421
2178,398,5,421
2179,398,6,421
2180,398,7,421
2181,398,8,421
2182,399,3,341
2183,399,4,422
2184,399,5,422
2185,399,6,422
2186,399,7,422
2187,399,8,422
2188,400,3,342
2189,400,4,423
2190,400,5,423
2191,400,6,423
2192,400,7,423
2193,400,8,423
2194,401,3,343
2195,401,4,424
2196,401,5,424
2197,401,6,424
2198,401,7,424
2199,401,8,424
2200,402,3,344
2201,402,4,425
2202,402,5,425
2203,402,6,425
2204,402,7,425
2205,402,8,425
2206,403,3,345
2207,403,4,426
2208,403,7,737
2209,403,8,737
2210,404,3,346
2211,404,4,427
2212,405,4,428
2213,405,5,428
2214,405,6,428
2215,405,7,428
2216,405,8,428
2217,406,4,429
2218,406,5,429
2219,406,6,429
2220,406,7,429
2221,406,8,429
2222,407,4,430
2223,407,5,430
2224,407,6,430
2225,407,7,430
2226,407,8,430
2227,408,4,431
2228,408,5,431
2229,408,6,431
2230,408,7,431
2231,408,8,431
2232,409,4,432
2233,409,5,432
2234,409,6,432
2235,409,7,432
2236,409,8,432
2237,410,4,433
2238,410,5,433
2239,410,6,433
2240,410,7,433
2241,410,8,433
2242,411,4,434
2243,411,5,434
2244,411,6,434
2245,411,7,434
2246,411,8,434
2247,412,4,435
2248,412,5,435
2249,412,6,435
2250,412,7,435
2251,412,8,435
2252,413,4,436
2253,413,5,436
2254,413,6,436
2255,413,7,436
2256,413,8,436
2257,414,4,437
2258,414,5,437
2259,414,6,437
2260,414,7,437
2261,414,8,437
2262,415,4,438
2263,415,5,438
2264,415,6,438
2265,415,7,438
2266,415,8,438
2267,416,4,439
2268,416,5,439
2269,416,6,439
2270,416,7,439
2271,416,8,439
2272,417,4,440
2273,417,5,440
2274,417,6,440
2275,417,7,440
2276,417,8,440
2277,418,4,441
2278,418,5,441
2279,418,6,441
2280,418,7,441
2281,418,8,441
2282,419,3,361
2283,419,4,442
2284,419,5,442
2285,419,6,442
2286,419,7,442
2287,419,8,442
2288,420,3,362
2289,420,4,443
2290,420,5,443
2291,420,6,443
2292,420,7,443
2293,420,8,443
2294,421,3,260
2295,421,4,444
2296,421,5,444
2297,421,6,444
2298,421,7,444
2299,421,8,444
2300,422,3,262
2301,422,4,445
2302,422,5,445
2303,422,6,445
2304,422,7,445
2305,422,8,445
2306,423,3,263
2307,423,4,446
2308,423,5,446
2309,423,6,446
2310,423,7,446
2311,423,8,446
2312,424,3,264
2313,424,4,447
2314,424,5,447
2315,424,6,447
2316,424,7,447
2317,424,8,447
2318,425,4,448
2319,425,5,448
2320,425,6,448
2321,425,7,448
2322,425,8,448
2323,426,4,449
2324,426,5,449
2325,426,6,449
2326,426,7,449
2327,426,8,449
2328,427,3,360
2329,427,4,450
2330,427,5,450
2331,427,6,713
2332,428,4,451
2333,428,5,451
2334,428,6,451
2335,428,7,451
2336,428,8,451
2337,429,4,452
2338,429,5,452
2339,429,6,452
2340,429,7,452
2341,429,8,452
2342,430,4,453
2343,430,5,453
2344,430,6,453
2345,430,7,453
2346,430,8,453
2347,431,4,454
2348,431,5,454
2349,431,6,454
2350,431,7,454
2351,431,8,454
2352,432,4,455
2353,432,5,455
2354,432,6,455
2355,432,7,455
2356,432,8,455
2357,433,3,265
2358,433,4,456
2359,433,5,456
2360,433,6,456
2361,433,7,456
2362,433,8,456
2363,434,3,266
2364,434,4,457
2365,434,5,457
2366,434,6,457
2367,434,7,457
2368,434,8,457
2369,435,4,458
2370,435,5,458
2371,435,6,458
2372,435,7,458
2373,435,8,458
2374,436,4,459
2375,436,5,459
2376,436,6,459
2377,436,7,459
2378,436,8,459
2379,437,4,460
2380,437,5,460
2381,437,6,460
2382,437,7,460
2383,437,8,460
2384,438,4,461
2385,438,5,461
2386,438,6,461
2387,438,7,461
2388,438,8,461
2389,439,4,462
2390,439,5,462
2391,439,6,462
2392,439,7,462
2393,439,8,462
2394,440,3,285
2395,440,4,463
2396,440,5,463
2397,440,6,463
2398,440,8,463
2399,441,4,464
2400,441,5,464
2401,441,6,464
2402,441,7,464
2403,441,8,464
2404,442,4,112
2405,442,5,112
2406,442,6,112
2407,442,7,112
2408,442,8,112
2409,443,4,465
2410,443,5,465
2411,443,6,465
2412,443,7,465
2413,443,8,465
2414,444,4,466
2415,444,5,466
2416,444,6,466
2417,444,7,466
2418,444,8,466
2419,445,3,351
2420,445,4,467
2421,445,5,467
2422,445,6,467
2423,445,7,467
2424,445,8,467
2425,446,4,468
2426,446,5,468
2427,446,6,468
2428,446,7,468
2429,446,8,468
2430,447,4,470
2431,447,5,470
2432,447,6,470
2433,447,7,470
2434,447,8,470
2435,448,4,477
2436,448,5,477
2437,448,6,477
2438,448,7,477
2439,448,8,477
2440,449,4,494
2441,449,5,494
2442,449,6,494
2443,449,7,494
2444,449,8,494
2445,450,4,493
2446,450,5,493
2447,450,6,493
2448,450,7,493
2449,450,8,493
2450,451,4,498
2451,451,5,498
2452,451,6,498
2453,451,7,498
2454,451,8,498
2455,452,4,495
2456,452,5,495
2457,452,6,495
2458,452,7,495
2459,452,8,495
2460,453,4,492
2461,453,5,492
2462,453,6,492
2463,453,7,492
2464,453,8,492
2465,454,4,497
2466,454,5,497
2467,454,6,497
2468,454,7,497
2469,454,8,497
2470,455,4,496
2471,455,5,496
2472,455,6,496
2473,455,7,496
2474,455,8,496
2475,456,4,500
2476,456,5,500
2477,456,6,500
2478,456,7,500
2479,456,8,500
2480,457,4,499
2481,457,5,499
2482,457,6,499
2483,457,7,499
2484,457,8,499
2485,458,4,485
2486,458,5,485
2487,458,6,485
2488,458,7,485
2489,458,8,485
2490,459,4,487
2491,459,5,486
2492,459,6,486
2493,459,7,486
2494,459,8,486
2495,460,4,486
2496,460,5,487
2497,460,6,487
2498,460,7,487
2499,460,8,487
2500,461,4,488
2501,461,5,488
2502,461,6,488
2503,461,7,488
2504,461,8,488
2505,462,4,489
2506,462,5,489
2507,462,6,489
2508,462,7,489
2509,462,8,489
2510,463,4,490
2511,463,5,490
2512,463,6,490
2513,463,7,490
2514,463,8,490
2515,464,4,491
2516,464,5,491
2517,464,6,491
2518,464,7,491
2519,464,8,491
2520,465,3,261
2521,465,4,471
2522,465,5,471
2523,465,6,471
2524,465,7,471
2525,465,8,471
2526,466,4,504
2527,466,5,504
2528,466,6,504
2529,466,7,504
2530,466,8,504
2531,467,3,276
2532,467,4,534
2533,467,5,534
2534,467,6,534
2535,467,7,534
2536,467,8,534
2537,468,3,277
2538,468,4,535
2539,468,5,535
2540,468,6,535
2541,468,7,535
2542,468,8,535
2543,469,4,532
2544,469,5,532
2545,469,6,532
2546,469,7,532
2547,469,8,532
2548,470,4,536
2549,470,5,536
2550,470,6,536
2551,470,7,536
2552,470,8,536
2553,471,4,469
2554,471,5,469
2555,471,6,469
2556,471,7,469
2557,471,8,469
2558,472,4,472
2559,472,5,472
2560,472,6,472
2561,472,7,472
2562,472,8,472
2563,473,4,473
2564,473,5,473
2565,473,6,473
2566,473,7,473
2567,473,8,473
2568,474,4,474
2569,474,5,474
2570,474,6,474
2571,474,7,474
2572,474,8,474
2573,475,3,355
2574,475,4,475
2575,475,5,475
2576,475,6,475
2577,475,7,475
2578,475,8,475
2579,476,3,271
2580,476,4,476
2581,476,5,476
2582,476,6,476
2583,476,8,476
2584,477,4,478
2585,477,5,478
2586,477,6,478
2587,477,7,478
2588,477,8,478
2589,478,4,479
2590,478,5,479
2591,478,6,479
2592,478,7,479
2593,478,8,479
2594,479,4,480
2595,479,5,480
2596,479,6,480
2597,479,7,480
2598,479,8,480
2599,480,4,481
2600,480,5,481
2601,480,6,481
2602,480,7,481
2603,480,8,481
2604,481,4,482
2605,481,5,482
2606,481,6,482
2607,481,7,482
2608,481,8,482
2609,482,4,483
2610,482,5,483
2611,482,6,483
2612,482,7,483
2613,482,8,483
2614,483,4,484
2615,483,5,484
2616,483,6,484
2617,483,7,484
2618,483,8,484
2619,484,4,502
2620,484,5,502
2621,484,6,502
2622,484,7,502
2623,484,8,502
2624,485,4,503
2625,485,5,503
2626,485,6,503
2627,485,7,503
2628,485,8,503
2629,486,4,505
2630,486,5,505
2631,486,6,505
2632,486,7,505
2633,486,8,505
2634,487,4,506
2635,487,5,506
2636,487,6,506
2637,487,7,506
2638,487,8,506
2639,488,4,507
2640,488,5,507
2641,488,6,507
2642,488,7,507
2643,488,8,507
2644,489,4,508
2645,489,5,508
2646,489,6,508
2647,489,7,508
2648,489,8,508
2649,490,4,509
2650,490,5,509
2651,490,6,509
2652,490,7,509
2653,490,8,509
2654,491,4,510
2655,491,5,510
2656,491,6,510
2657,491,7,510
2658,491,8,510
2659,492,4,511
2660,492,5,511
2661,492,6,511
2662,492,7,511
2663,492,8,511
2664,493,4,512
2665,493,5,512
2666,493,6,512
2667,493,7,512
2668,493,8,512
2669,494,4,513
2670,494,5,513
2671,494,6,513
2672,494,7,513
2673,494,8,513
2674,495,4,514
2675,495,5,514
2676,495,6,514
2677,495,7,514
2678,495,8,514
2679,496,4,515
2680,496,5,515
2681,496,6,515
2682,496,7,515
2683,496,8,515
2684,497,4,516
2685,497,5,516
2686,497,6,516
2687,497,7,516
2688,497,8,516
2689,498,4,517
2690,498,5,517
2691,498,6,517
2692,498,7,517
2693,498,8,517
2694,499,4,518
2695,499,5,518
2696,499,6,518
2697,499,7,518
2698,499,8,518
2699,500,4,519
2700,500,5,519
2701,500,6,519
2702,500,7,519
2703,500,8,519
2704,501,4,520
2705,501,5,520
2706,501,6,520
2707,501,7,520
2708,501,8,520
2709,502,4,521
2710,502,5,521
2711,502,6,521
2712,502,7,521
2713,502,8,521
2714,503,4,522
2715,503,5,522
2716,503,6,522
2717,503,7,522
2718,503,8,522
2719,504,4,523
2720,504,5,523
2721,504,6,523
2722,504,7,523
2723,504,8,523
2724,505,4,524
2725,505,5,524
2726,505,6,524
2727,505,7,524
2728,505,8,524
2729,506,4,525
2730,506,5,525
2731,506,6,525
2732,506,7,525
2733,506,8,525
2734,507,4,526
2735,507,5,526
2736,507,6,526
2737,507,7,526
2738,507,8,526
2739,508,4,527
2740,508,5,527
2741,508,6,527
2742,508,7,527
2743,508,8,527
2744,509,4,528
2745,509,5,528
2746,509,6,528
2747,509,7,528
2748,509,8,528
2749,510,4,529
2750,510,5,529
2751,510,6,529
2752,510,7,529
2753,510,8,529
2754,511,4,530
2755,511,5,530
2756,511,6,530
2757,511,7,530
2758,511,8,530
2759,512,4,531
2760,512,5,531
2761,512,6,531
2762,512,7,531
2763,512,8,531
2764,513,4,533
2765,513,5,533
2766,513,6,533
2767,513,7,533
2768,513,8,533
2769,514,4,501
2770,514,5,501
2771,514,6,501
2772,514,7,501
2773,514,8,501
2774,515,3,121
2775,516,3,122
2776,517,3,123
2777,518,3,124
2778,519,3,125
2779,520,3,126
2780,521,3,127
2781,522,3,128
2782,523,3,129
2783,524,3,130
2784,525,3,131
2785,526,3,132
2786,527,3,259
2787,527,7,718
2788,527,8,718
2789,528,3,272
2790,528,7,719
2791,528,8,719
2792,529,3,268
2793,529,7,720
2794,529,8,720
2795,530,3,269
2796,531,3,270
2797,531,7,722
2798,531,8,722
2799,532,3,273
2800,533,3,274
2801,533,7,725
2802,533,8,725
2803,534,3,275
2804,534,7,726
2805,534,8,726
2806,535,3,278
2807,535,7,727
2808,535,8,727
2809,536,3,279
2810,536,7,728
2811,536,8,728
2812,537,3,280
2813,537,7,729
2814,537,8,729
2815,538,3,281
2816,539,3,282
2817,540,3,283
2818,541,3,284
2819,542,3,288
2820,542,7,735
2821,542,8,735
2822,543,3,349
2823,544,3,350
2824,544,6,651
2825,544,7,651
2826,544,8,651
2827,545,3,352
2828,546,3,353
2829,546,7,877
2830,546,8,877
2831,547,3,356
2832,547,7,878
2833,547,8,878
2834,548,3,359
2835,548,7,874
2836,548,8,874
2837,549,3,363
2838,550,3,364
2839,550,7,123
2840,550,8,123
2841,551,3,365
2842,552,3,366
2843,553,3,367
2844,554,3,368
2845,555,3,369
2846,555,7,113
2847,555,8,113
2848,556,3,370
2849,557,3,371
2850,558,3,372
2851,559,3,373
2852,560,3,374
2853,561,3,375
2854,562,3,376
2855,563,5,116
2856,563,6,116
2857,563,7,116
2858,563,8,116
2859,564,5,117
2860,564,6,117
2861,564,7,117
2862,564,8,117
2863,565,5,118
2864,565,6,118
2865,565,7,118
2866,565,8,118
2867,566,5,119
2868,566,6,119
2869,566,7,119
2870,566,8,119
2871,567,5,134
2872,567,6,134
2873,567,7,134
2874,567,8,134
2875,568,5,137
2876,568,6,137
2877,568,7,137
2878,568,8,137
2879,569,5,138
2880,569,6,138
2881,569,7,138
2882,569,8,138
2883,570,5,139
2884,570,6,139
2885,570,7,139
2886,570,8,139
2887,571,5,140
2888,571,6,140
2889,571,7,140
2890,571,8,140
2891,572,5,141
2892,572,6,141
2893,572,7,141
2894,572,8,141
2895,573,5,142
2896,573,6,142
2897,573,7,142
2898,573,8,142
2899,574,5,143
2900,574,6,143
2901,574,7,143
2902,574,8,143
2903,575,5,144
2904,575,6,144
2905,575,7,144
2906,575,8,144
2907,576,5,145
2908,576,6,145
2909,576,7,145
2910,576,8,145
2911,577,5,146
2912,577,6,146
2913,577,7,146
2914,577,8,146
2915,578,5,147
2916,578,6,147
2917,578,7,147
2918,578,8,147
2919,579,5,148
2920,579,6,148
2921,579,7,148
2922,579,8,148
2923,580,5,537
2924,580,6,537
2925,580,7,537
2926,580,8,537
2927,581,5,538
2928,581,6,538
2929,581,7,538
2930,581,8,538
2931,582,5,539
2932,582,6,539
2933,582,7,539
2934,582,8,539
2935,583,5,540
2936,583,6,540
2937,583,7,540
2938,583,8,540
2939,584,5,541
2940,584,6,541
2941,584,7,541
2942,584,8,541
2943,585,5,542
2944,585,6,542
2945,585,7,542
2946,585,8,542
2947,586,5,543
2948,586,6,543
2949,586,7,543
2950,586,8,543
2951,587,5,544
2952,587,6,544
2953,587,7,544
2954,587,8,544
2955,588,5,545
2956,588,6,545
2957,588,7,545
2958,588,8,545
2959,589,5,546
2960,589,6,546
2961,589,7,546
2962,589,8,546
2963,590,5,547
2964,590,6,547
2965,590,7,547
2966,590,8,547
2967,591,5,548
2968,591,6,548
2969,591,7,548
2970,591,8,548
2971,592,5,549
2972,592,6,549
2973,592,7,549
2974,592,8,549
2975,593,5,550
2976,593,6,550
2977,593,7,550
2978,593,8,550
2979,594,5,551
2980,594,6,551
2981,594,7,551
2982,594,8,551
2983,595,5,552
2984,595,6,552
2985,595,7,552
2986,595,8,552
2987,596,5,553
2988,596,6,553
2989,596,7,553
2990,596,8,553
2991,597,5,554
2992,597,6,554
2993,597,7,554
2994,597,8,554
2995,598,5,555
2996,598,6,555
2997,598,7,555
2998,598,8,555
2999,599,5,556
3000,599,6,556
3001,599,7,556
3002,599,8,556
3003,600,5,557
3004,600,6,557
3005,600,7,557
3006,600,8,557
3007,601,5,558
3008,601,6,558
3009,601,7,558
3010,601,8,558
3011,602,5,559
3012,602,6,559
3013,602,7,559
3014,602,8,559
3015,603,5,560
3016,603,6,560
3017,603,7,560
3018,603,8,560
3019,604,5,562
3020,604,6,562
3021,604,7,562
3022,604,8,562
3023,605,5,563
3024,605,6,563
3025,605,7,563
3026,605,8,563
3027,606,5,565
3028,606,6,565
3029,606,7,565
3030,606,8,565
3031,607,5,566
3032,607,6,566
3033,607,7,566
3034,607,8,566
3035,608,5,567
3036,608,6,567
3037,608,7,567
3038,608,8,567
3039,609,5,568
3040,609,6,568
3041,609,7,568
3042,609,8,568
3043,610,5,569
3044,610,6,569
3045,610,7,569
3046,610,8,569
3047,611,5,570
3048,611,6,570
3049,611,7,570
3050,611,8,570
3051,612,5,571
3052,612,6,571
3053,612,7,571
3054,612,8,571
3055,613,5,572
3056,613,6,572
3057,613,7,572
3058,613,8,572
3059,614,5,573
3060,614,6,573
3061,614,7,573
3062,614,8,573
3063,615,5,574
3064,615,6,574
3065,615,7,574
3066,615,8,574
3067,616,5,575
3068,616,6,575
3069,616,7,575
3070,616,8,575
3071,617,5,576
3072,617,6,576
3073,617,7,576
3074,617,8,576
3075,618,5,577
3076,618,6,577
3077,618,7,577
3078,618,8,577
3079,619,5,578
3080,619,6,578
3081,619,7,578
3082,619,8,578
3083,620,5,579
3084,620,6,579
3085,620,7,579
3086,620,8,579
3087,621,5,580
3088,621,6,580
3089,621,7,580
3090,621,8,580
3091,622,5,581
3092,622,6,581
3093,622,7,581
3094,622,8,581
3095,623,5,582
3096,623,6,582
3097,623,7,582
3098,623,8,582
3099,624,5,583
3100,624,6,583
3101,624,7,583
3102,624,8,583
3103,625,5,584
3104,625,6,584
3105,625,7,584
3106,625,8,584
3107,626,5,585
3108,626,6,585
3109,626,7,585
3110,626,8,585
3111,627,5,586
3112,627,6,586
3113,627,7,586
3114,627,8,586
3115,628,5,587
3116,628,6,587
3117,628,7,587
3118,628,8,587
3119,629,5,588
3120,629,6,588
3121,629,7,588
3122,629,8,588
3123,630,5,589
3124,630,6,589
3125,630,7,589
3126,630,8,589
3127,631,5,590
3128,631,6,590
3129,631,7,590
3130,631,8,590
3131,632,5,591
3132,632,6,591
3133,632,7,591
3134,632,8,591
3135,633,5,592
3136,633,6,592
3137,633,7,592
3138,633,8,592
3139,634,5,593
3140,634,6,593
3141,634,7,593
3142,634,8,593
3143,635,5,594
3144,635,6,594
3145,635,7,594
3146,635,8,594
3147,636,5,595
3148,636,6,595
3149,636,7,595
3150,636,8,595
3151,637,5,596
3152,637,6,596
3153,637,7,596
3154,637,8,596
3155,638,5,597
3156,638,6,597
3157,638,7,597
3158,638,8,597
3159,639,5,598
3160,639,6,598
3161,639,7,598
3162,639,8,598
3163,640,5,599
3164,640,6,599
3165,640,7,599
3166,640,8,599
3167,641,5,600
3168,641,6,600
3169,641,7,600
3170,641,8,600
3171,642,5,601
3172,642,6,601
3173,642,7,601
3174,642,8,601
3175,643,5,602
3176,643,6,602
3177,643,7,602
3178,643,8,602
3179,644,5,603
3180,644,6,603
3181,644,7,603
3182,644,8,603
3183,645,5,604
3184,645,6,604
3185,645,7,604
3186,645,8,604
3187,646,5,605
3188,646,6,605
3189,646,7,605
3190,646,8,605
3191,647,5,606
3192,647,6,606
3193,647,7,606
3194,647,8,606
3195,648,5,607
3196,648,6,607
3197,648,7,607
3198,648,8,607
3199,649,5,608
3200,649,6,608
3201,649,7,608
3202,649,8,608
3203,650,5,609
3204,650,6,609
3205,650,7,609
3206,650,8,609
3207,651,5,610
3208,651,6,610
3209,651,7,610
3210,651,8,610
3211,652,5,611
3212,652,6,611
3213,652,7,611
3214,652,8,611
3215,653,5,612
3216,653,6,612
3217,653,7,612
3218,653,8,612
3219,654,5,613
3220,654,6,613
3221,654,7,613
3222,654,8,613
3223,655,5,614
3224,655,6,614
3225,655,7,614
3226,655,8,614
3227,656,5,615
3228,656,6,615
3229,656,7,615
3230,656,8,615
3231,657,5,616
3232,657,6,616
3233,657,7,616
3234,657,8,616
3235,658,5,617
3236,658,6,617
3237,658,7,617
3238,658,8,617
3239,659,5,618
3240,659,6,618
3241,659,7,618
3242,659,8,618
3243,660,5,619
3244,660,6,619
3245,660,7,619
3246,660,8,619
3247,661,5,620
3248,661,6,620
3249,661,7,620
3250,661,8,620
3251,662,5,621
3252,662,6,621
3253,662,8,621
3254,663,5,622
3255,663,6,622
3256,664,5,623
3257,664,6,623
3258,664,7,623
3259,664,8,623
3260,665,5,624
3261,665,6,624
3262,665,7,624
3263,665,8,624
3264,666,5,625
3265,666,6,625
3266,666,7,625
3267,666,8,625
3268,668,5,561
3269,668,6,561
3270,668,7,561
3271,668,8,561
3272,669,5,564
3273,669,6,564
3274,669,7,564
3275,669,8,564
3276,670,5,627
3277,670,6,627
3278,670,7,627
3279,670,8,627
3280,671,5,628
3281,671,6,628
3282,671,8,628
3283,673,5,630
3284,673,6,630
3285,673,7,630
3286,673,8,630
3287,674,5,631
3288,674,6,631
3289,674,7,631
3290,674,8,631
3291,675,5,632
3292,675,6,632
3293,675,7,632
3294,675,8,632
3295,676,5,633
3296,676,6,633
3297,676,7,633
3298,676,8,633
3299,677,5,634
3300,677,6,634
3301,677,7,634
3302,677,8,634
3303,678,5,635
3304,678,6,635
3305,678,7,635
3306,678,8,635
3307,679,5,636
3308,679,6,636
3309,679,8,636
3310,681,5,638
3311,681,6,638
3312,681,7,638
3313,681,8,638
3314,682,6,639
3315,682,7,639
3316,682,8,639
3317,683,6,640
3318,683,7,640
3319,683,8,640
3320,684,6,644
3321,684,7,644
3322,684,8,644
3323,685,6,645
3324,685,7,645
3325,685,8,645
3326,686,6,646
3327,686,7,646
3328,686,8,646
3329,687,6,647
3330,687,7,647
3331,687,8,647
3332,688,6,648
3333,688,7,648
3334,688,8,648
3335,689,6,649
3336,689,7,649
3337,689,8,649
3338,690,6,650
3339,690,7,650
3340,690,8,650
3341,691,6,652
3342,691,7,652
3343,691,8,652
3344,692,6,653
3345,692,7,653
3346,692,8,653
3347,693,6,654
3348,693,7,654
3349,693,8,654
3350,694,6,655
3351,694,7,655
3352,694,8,655
3353,695,6,656
3354,695,7,656
3355,695,8,656
3356,696,6,657
3357,696,7,657
3358,696,8,657
3359,697,6,658
3360,697,7,658
3361,697,8,658
3362,698,6,659
3363,698,7,659
3364,698,8,659
3365,699,6,660
3366,699,7,660
3367,699,8,660
3368,700,6,661
3369,700,7,661
3370,700,8,661
3371,701,6,662
3372,701,7,662
3373,701,8,662
3374,702,6,663
3375,702,7,663
3376,702,8,663
3377,703,6,664
3378,703,7,664
3379,703,8,664
3380,704,6,665
3381,704,7,665
3382,704,8,665
3383,705,6,666
3384,705,7,666
3385,705,8,666
3386,706,6,667
3387,706,7,667
3388,706,8,667
3389,707,6,668
3390,707,7,668
3391,707,8,668
3392,708,6,669
3393,708,7,669
3394,708,8,669
3395,709,6,670
3396,709,7,670
3397,709,8,670
3398,710,6,671
3399,710,7,671
3400,710,8,671
3401,711,6,672
3402,711,7,672
3403,711,8,672
3404,712,6,673
3405,712,7,673
3406,712,8,673
3407,713,6,674
3408,713,7,674
3409,713,8,674
3410,714,6,675
3411,714,7,675
3412,714,8,675
3413,715,6,676
3414,715,7,676
3415,715,8,676
3416,716,6,677
3417,716,7,677
3418,716,8,677
3419,717,6,678
3420,717,7,678
3421,717,8,678
3422,718,6,679
3423,718,7,679
3424,718,8,679
3425,719,6,680
3426,719,7,680
3427,719,8,680
3428,720,6,681
3429,720,7,681
3430,720,8,681
3431,721,6,682
3432,721,7,682
3433,721,8,682
3434,722,6,683
3435,722,7,683
3436,722,8,683
3437,723,6,686
3438,723,7,686
3439,723,8,686
3440,724,6,687
3441,724,7,687
3442,724,8,687
3443,725,6,688
3444,725,7,688
3445,725,8,688
3446,726,6,699
3447,726,7,699
3448,726,8,699
3449,727,6,704
3450,727,7,704
3451,727,8,704
3452,728,6,708
3453,728,7,708
3454,728,8,708
3455,729,6,710
3456,729,7,710
3457,729,8,710
3458,730,6,711
3459,730,7,711
3460,730,8,711
3461,731,6,715
3462,731,7,715
3463,731,8,715
3464,732,6,703
3465,732,7,703
3466,732,8,703
3467,733,6,700
3468,733,7,700
3469,733,8,700
3470,734,6,641
3471,734,8,641
3472,735,6,702
3473,735,7,702
3474,735,8,702
3475,736,6,697
3476,736,7,697
3477,736,8,697
3478,737,6,705
3479,737,7,705
3480,737,8,705
3481,738,6,712
3482,738,7,712
3483,738,8,712
3484,739,6,696
3485,739,7,696
3486,739,8,696
3487,740,6,695
3488,740,7,695
3489,740,8,695
3490,741,6,642
3491,741,7,642
3492,741,8,642
3493,742,6,643
3494,742,7,643
3495,742,8,643
3496,743,6,689
3497,743,7,689
3498,743,8,689
3499,744,6,701
3500,744,7,701
3501,744,8,701
3502,745,6,690
3503,745,7,690
3504,745,8,690
3505,746,6,691
3506,746,7,691
3507,746,8,691
3508,747,6,692
3509,747,7,692
3510,747,8,692
3511,748,6,693
3512,748,7,693
3513,748,8,693
3514,749,6,694
3515,749,7,694
3516,749,8,694
3517,760,7,684
3518,760,8,684
3519,761,7,685
3520,761,8,685
3521,762,7,698
3522,762,8,698
3523,763,7,706
3524,763,8,706
3525,764,7,707
3526,764,8,707
3527,765,7,709
3528,765,8,709
3529,768,7,716
3530,768,8,716
3531,769,7,717
3532,769,8,717
3533,770,7,721
3534,770,8,721
3535,772,7,724
3536,772,8,724
3537,773,7,730
3538,773,8,730
3539,774,7,731
3540,774,8,731
3541,775,7,732
3542,775,8,732
3543,776,7,733
3544,776,8,733
3545,779,7,738
3546,779,8,738
3547,780,7,739
3548,780,8,739
3549,782,7,741
3550,782,8,741
3551,783,7,742
3552,783,8,742
3553,784,7,743
3554,784,8,743
3555,785,7,744
3556,785,8,744
3557,786,7,745
3558,786,8,745
3559,787,7,746
3560,787,8,746
3561,788,7,747
3562,788,8,747
3563,789,7,748
3564,789,8,748
3565,790,7,749
3566,790,8,749
3567,791,7,750
3568,791,8,750
3569,793,7,752
3570,793,8,752
3571,794,7,753
3572,794,8,753
3573,795,7,754
3574,795,8,754
3575,796,7,755
3576,796,8,755
3577,797,7,756
3578,797,8,756
3579,798,7,757
3580,798,8,757
3581,799,7,758
3582,799,8,758
3583,800,7,759
3584,800,8,759
3585,801,7,760
3586,801,8,760
3587,802,7,761
3588,802,8,761
3589,803,7,762
3590,803,8,762
3591,804,7,763
3592,804,8,763
3593,805,7,764
3594,805,8,764
3595,806,7,765
3596,806,8,765
3597,807,7,766
3598,807,8,766
3599,808,7,767
3600,808,8,767
3601,809,7,768
3602,809,8,768
3603,810,7,769
3604,810,8,769
3605,811,7,770
3606,811,8,770
3607,814,7,773
3608,814,8,773
3609,815,7,774
3610,815,8,774
3611,816,7,775
3612,816,8,775
3613,817,7,776
3614,817,8,776
3615,818,7,777
3616,818,8,777
3617,819,7,778
3618,819,8,778
3619,820,7,779
3620,820,8,779
3621,821,7,780
3622,821,8,780
3623,822,7,781
3624,822,8,781
3625,823,7,782
3626,823,8,782
3627,824,7,783
3628,824,8,783
3629,825,7,784
3630,825,8,784
3631,826,7,785
3632,826,8,785
3633,827,7,786
3634,827,8,786
3635,828,7,787
3636,828,8,787
3637,829,7,788
3638,829,8,788
3639,830,7,789
3640,830,8,789
3641,831,7,790
3642,831,8,790
3643,832,7,791
3644,832,8,791
3645,833,7,792
3646,833,8,792
3647,834,7,793
3648,834,8,793
3649,835,7,794
3650,835,8,794
3651,836,7,795
3652,836,8,795
3653,837,7,796
3654,837,8,796
3655,838,7,797
3656,838,8,797
3657,839,7,798
3658,839,8,798
3659,840,7,799
3660,840,8,799
3661,841,7,800
3662,841,8,800
3663,842,7,801
3664,842,8,801
3665,843,7,802
3666,843,8,802
3667,844,7,803
3668,844,8,803
3669,845,7,804
3670,845,8,804
3671,846,7,805
3672,846,8,805
3673,847,7,806
3674,847,8,806
3675,877,7,836
3676,877,8,836
3677,878,7,841
3678,878,8,841
3679,879,7,842
3680,879,8,842
3681,880,7,843
3682,880,8,843
3683,881,7,844
3684,881,8,844
3685,882,7,845
3686,882,8,845
3687,883,7,846
3688,883,8,846
3689,884,7,847
3690,884,8,847
3691,885,7,849
3692,885,8,849
3693,886,7,850
3694,886,8,850
3695,887,7,851
3696,887,8,851
3697,888,7,852
3698,888,8,852
3699,889,7,853
3700,889,8,853
3701,890,7,854
3702,890,8,854
3703,891,7,855
3704,891,8,855
3705,892,7,856
3706,892,8,856
3707,893,7,857
3708,893,8,857
3709,894,7,858
3710,894,8,858
3711,895,7,860
3712,895,8,860
3713,896,7,879
3714,896,8,879
3715,897,7,880
3716,897,8,880
3717,898,7,881
3718,898,8,881
3719,899,7,882
3720,899,8,882
3721,900,7,883
3722,900,8,883
3723,901,7,884
3724,901,8,884
3725,902,7,904
3726,902,8,904
3727,903,7,905
3728,903,8,905
3729,904,7,906
3730,904,8,906
3731,905,7,907
3732,905,8,907
3733,906,7,908
3734,906,8,908
3735,907,7,909
3736,907,8,909
3737,908,7,910
3738,908,8,910
3739,909,7,911
3740,909,8,911
3741,910,7,912
3742,910,8,912
3743,911,7,913
3744,911,8,913
3745,912,7,914
3746,912,8,914
3747,913,7,915
3748,913,8,915
3749,914,7,916
3750,914,8,916
3751,915,7,917
3752,915,8,917
3753,916,7,918
3754,916,8,918
3755,917,7,919
3756,917,8,919
3757,918,7,920
3758,918,8,920
3759,919,7,450
3760,919,8,450
3761,920,7,463
3762,921,7,476
3763,922,7,621
3764,923,7,626
3765,923,8,626
3766,924,7,628
3767,925,7,629
3768,925,8,629
3769,926,7,636
3770,927,7,637
3771,927,8,637
3772,928,7,641
3773,929,7,713
3774,929,8,713
3775,930,7,714
3776,930,8,714
3777,931,7,723
3778,931,8,723
3779,932,7,734
3780,932,8,734
3781,933,7,736
3782,933,8,736
3783,934,7,740
3784,934,8,740
3785,935,7,751
3786,935,8,751
3787,936,7,771
3788,936,8,771
3789,937,7,772
3790,937,8,772
3791,938,7,807
3792,938,8,807
3793,939,7,808
3794,939,8,808
3795,940,7,809
3796,940,8,809
3797,941,7,810
3798,941,8,810
3799,942,7,811
3800,942,8,811
3801,943,7,812
3802,943,8,812
3803,944,7,813
3804,944,8,813
3805,945,7,814
3806,945,8,814
3807,946,7,815
3808,946,8,815
3809,947,7,816
3810,947,8,816
3811,948,7,817
3812,948,8,817
3813,949,7,818
3814,949,8,818
3815,950,7,819
3816,950,8,819
3817,951,7,820
3818,951,8,820
3819,952,7,821
3820,952,8,821
3821,953,7,822
3822,953,8,822
3823,954,7,823
3824,954,8,823
3825,955,7,824
3826,955,8,824
3827,956,7,825
3828,956,8,825
3829,957,7,826
3830,957,8,826
3831,958,7,827
3832,958,8,827
3833,959,7,828
3834,959,8,828
3835,960,7,829
3836,960,8,829
3837,961,7,830
3838,961,8,830
3839,962,7,831
3840,962,8,831
3841,963,7,832
3842,963,8,832
3843,964,7,833
3844,964,8,833
3845,965,7,834
3846,965,8,834
3847,966,7,835
3848,966,8,835
3849,967,7,921
3850,967,8,921
3851,968,7,922
3852,968,8,922
3853,969,7,923
3854,969,8,923
3855,970,7,924
3856,970,8,924
3857,971,7,925
3858,971,8,925
3859,972,7,926
3860,972,8,926
3861,973,7,927
3862,973,8,927
3863,974,7,928
3864,974,8,928
3865,975,7,929
3866,975,8,929
3867,976,7,930
3868,976,8,930
3869,977,7,931
3870,977,8,931
3871,978,7,932
3872,978,8,932
3873,979,7,933
3874,979,8,933
3875,980,7,934
3876,980,8,934
3877,981,7,935
3878,981,8,935
3879,982,7,936
3880,982,8,936
3881,983,7,937
3882,983,8,937
3883,984,7,938
3884,984,8,938
3885,985,7,939
3886,985,8,939
3887,986,7,940
3888,986,8,940
3889,987,7,941
3890,987,8,941
3891,988,7,942
3892,988,8,942
3893,989,7,943
3894,989,8,943
3895,990,7,944
3896,990,8,944
3897,991,7,945
3898,991,8,945
3899,992,7,946
3900,992,8,946
3901,993,7,947
3902,993,8,947
3903,994,7,948
3904,994,8,948
3905,995,7,949
3906,995,8,949
3907,996,7,950
3908,996,8,950
3909,997,7,951
3910,997,8,951
3911,998,7,952
3912,998,8,952
3913,999,7,953
3914,999,8,953
3915,1000,7,954
3916,1000,8,954
3917,1001,7,955
3918,1001,8,955
3919,1002,7,956
3920,1002,8,956
3921,1003,7,957
3922,1003,8,957
3923,1004,7,958
3924,1004,8,958
3925,1005,7,959
3926,1005,8,959
3927,1006,7,115
3928,1006,8,115
3929,1007,7,121
3930,1007,8,121
3931,1008,7,122
3932,1008,8,122
3933,1009,7,124
3934,1009,8,124
3935,1010,7,125
3936,1010,8,125
3937,1011,7,126
3938,1011,8,126
3939,1012,7,127
3940,1012,8,127
3941,1013,7,128
3942,1013,8,128
3943,1014,7,861
3944,1014,8,861
3945,1015,7,862
3946,1015,8,862
3947,1016,7,863
3948,1016,8,863
3949,1017,7,864
3950,1017,8,864
3951,1018,7,865
3952,1018,8,865
3953,1019,7,866
3954,1019,8,866
3955,1020,7,872
3956,1020,8,872
3957,1021,7,873
3958,1021,8,873
3959,1022,7,875
3960,1022,8,875
3961,1023,7,876
3962,1023,8,876
3963,1024,7,885
3964,1024,8,885
3965,1025,7,886
3966,1025,8,886
3967,1026,7,887
3968,1026,8,887
3969,1027,7,888
3970,1027,8,888
3971,1028,7,889
3972,1028,8,889
3973,1029,7,890
3974,1029,8,890
3975,1030,7,891
3976,1030,8,891
3977,1031,7,892
3978,1031,8,892
3979,1032,7,893
3980,1032,8,893
3981,1033,7,894
3982,1033,8,894
3983,1034,7,895
3984,1034,8,895
3985,1035,7,896
3986,1035,8,896
3987,1036,7,900
3988,1036,8,900
3989,1037,7,901
3990,1037,8,901
3991,1038,7,902
3992,1038,8,902
3993,1039,7,903
3994,1039,8,903
3995,1040,7,960
3996,1040,8,960
3997,1041,7,961
3998,1041,8,961
3999,1042,7,962
4000,1042,8,962
4001,1043,7,963
4002,1043,8,963
4003,1044,7,964
4004,1044,8,964
4005,1045,7,965
4006,1045,8,965
4007,1046,7,966
4008,1046,8,966
4009,1047,7,967
4010,1047,8,967
4011,1048,7,968
4012,1048,8,968
4013,1049,7,969
4014,1049,8,969
4015,1050,7,970
4016,1050,8,970
4017,1051,7,971
4018,1051,8,971
4019,1052,7,972
4020,1052,8,972
4021,1053,7,973
4022,1053,8,973
4023,1054,7,974
4024,1054,8,974
4025,1055,7,975
4026,1055,8,975
4027,1056,7,976
4028,1056,8,976
4029,1057,7,977
4030,1057,8,977
4031,1058,7,978
4032,1058,8,978
4033,1059,7,979
4034,1059,8,979
4035,1060,7,980
4036,1060,8,980
4037,1061,7,981
4038,1061,8,981
4039,1062,7,982
4040,1062,8,982
4041,1063,7,983
4042,1063,8,983
4043,1064,7,984
4044,1064,8,984
4045,1065,7,985
4046,1065,8,985
4047,1066,7,986
4048,1066,8,986
4049,1067,7,987
4050,1067,8,987
4051,1068,7,988
4052,1068,8,988
4053,1069,7,989
4054,1069,8,989
4055,1070,7,990
4056,1070,8,990
4057,1071,7,991
4058,1071,8,991
4059,1072,7,992
4060,1072,8,992
4061,1073,7,993
4062,1073,8,993
4063,1074,7,994
4064,1074,8,994
4065,1075,7,995
4066,1075,8,995
4067,1076,7,996
4068,1076,8,996
4069,1077,7,997
4070,1077,8,997
4071,1078,7,998
4072,1078,8,998
4073,1079,7,999
4074,1079,8,999
4075,1080,7,1000
4076,1080,8,1000
4077,1081,7,1001
4078,1081,8,1001
4079,1082,7,1002
4080,1082,8,1002
4081,1083,7,1003
4082,1083,8,1003
4083,1084,7,1004
4084,1084,8,1004
4085,1085,7,1005
4086,1085,8,1005
4087,1086,7,1006
4088,1086,8,1006
4089,1087,7,1007
4090,1087,8,1007
4091,1088,7,1008
4092,1088,8,1008
4093,1089,7,1009
4094,1089,8,1009
4095,1090,7,1010
4096,1090,8,1010
4097,1091,7,1011
4098,1091,8,1011
4099,1092,7,1012
4100,1092,8,1012
4101,1093,7,1013
4102,1093,8,1013
4103,1094,7,1014
4104,1094,8,1014
4105,1095,7,1015
4106,1095,8,1015
4107,1096,7,1016
4108,1096,8,1016
4109,1097,7,1017
4110,1097,8,1017
4111,1098,7,1018
4112,1098,8,1018
4113,1099,7,1019
4114,1099,8,1019
4115,1100,7,1020
4116,1100,8,1020
4117,1101,7,1021
4118,1101,8,1021
4119,1102,7,1022
4120,1102,8,1022
4121,1103,7,1023
4122,1103,8,1023
4123,1104,7,1024
4124,1104,8,1024
4125,1105,7,1025
4126,1105,8,1025
4127,1106,7,1026
4128,1106,8,1026
4129,1107,7,1027
4130,1107,8,1027
4131,1108,7,1028
4132,1108,8,1028
4133,1109,7,1029
4134,1109,8,1029
4135,1110,7,1030
4136,1110,8,1030
4137,1111,7,1031
4138,1111,8,1031
4139,1112,7,1032
4140,1112,8,1032
4141,1113,7,1033
4142,1113,8,1033
4143,1114,7,1034
4144,1114,8,1034
4145,1115,7,1035
4146,1115,8,1035
4147,1116,7,1036
4148,1116,8,1036
4149,1117,7,1037
4150,1117,8,1037
4151,1118,7,1038
4152,1118,8,1038
4153,1119,7,1039
4154,1119,8,1039
4155,1120,7,1040
4156,1120,8,1040
4157,1121,7,1041
4158,1121,8,1041
4159,1122,7,1042
4160,1122,8,1042
4161,1123,7,1043
4162,1123,8,1043
4163,1124,7,1044
4164,1124,8,1044
4165,1125,7,1045
4166,1125,8,1045
4167,1126,7,1046
4168,1126,8,1046
4169,1127,7,1047
4170,1127,8,1047
4171,1128,7,1048
4172,1128,8,1048
4173,1129,7,1049
4174,1129,8,1049
4175,1130,7,1050
4176,1130,8,1050
4177,1131,7,1051
4178,1131,8,1051
4179,1132,7,1052
4180,1132,8,1052
4181,1133,7,1053
4182,1133,8,1053
4183,1134,7,1054
4184,1134,8,1054
4185,1135,7,1055
4186,1135,8,1055
4187,1136,7,1056
4188,1136,8,1056
4189,1137,7,1057
4190,1137,8,1057
4191,1138,8,1074
4192,1139,8,1075
4193,1140,8,1076
4194,1141,8,1077
4195,1142,8,1080
4196,1143,8,1081
4197,1144,8,1084
4198,1145,8,1085
4199,1146,8,1086
4200,1147,8,1087
4201,1148,8,1088
4202,1149,8,1089
4203,1150,8,1090
4204,1151,8,1091
4205,1152,8,1092
4206,1153,8,1093
4207,1154,8,1094
4208,1155,8,1095
4209,1156,8,1096
4210,1157,8,1097
4211,1158,8,1098
4212,1159,8,1099
4213,1160,8,1100
4214,1161,8,1103
4215,1162,8,1104
4216,1163,8,1105
4217,1164,8,1106
4218,1165,8,1107
4219,1166,8,1108
4220,1167,8,1109
4221,1168,8,1110
4222,1169,8,1111
4223,1170,8,1112
4224,1171,8,1113
4225,1172,8,1114
4226,1173,8,1115
4227,1174,8,1116
4228,1175,8,1117
4229,1176,8,1118
4230,1177,8,1119
4231,1178,8,1120
4232,1179,8,1121
4233,1180,8,1122
4234,1181,8,1123
4235,1182,8,1124
4236,1183,8,1125
4237,1184,8,1126
4238,1185,8,1127
4239,1186,8,1128
4240,1187,8,1129
4241,1188,8,1130
4242,1189,8,1131
4243,1190,8,1132
4244,1191,8,1133
4245,1192,8,1134
4246,1193,8,1135
4247,1194,8,1136
4248,1195,8,1137
4249,1196,8,1138
4250,1197,8,1139
4251,1198,8,1140
4252,1199,8,1141
4253,1200,8,1142
4254,1201,8,1143
4255,1202,8,1144
4256,1203,8,1145
4257,1204,8,1146
4258,1205,8,1147
4259,1206,8,1148
4260,1207,8,1149
4261,1208,8,1150
4262,1209,8,1151
4263,1210,8,1152
4264,1211,8,1153
4265,1212,8,1154
4266,1213,8,1155
4267,1214,8,1156
4268,1215,8,1157
4269,1216,8,1158
4270,1217,8,1159
4271,1218,8,1160
4272,1219,8,1161
4273,1220,8,1162
4274,1221,8,1163
4275,1222,8,1164
4276,1223,8,1165
4277,1224,8,1166
4278,1225,8,1167
4279,1226,8,1168
4280,1227,8,1169
4281,1228,8,1170
4282,1229,8,1171
4283,1230,8,1172
4284,1231,8,1173
4285,1232,8,1174
4286,1233,8,1175
4287,1234,8,1176
4288,1235,8,1177
4289,1236,8,1178
4290,1237,8,1179
4291,1238,8,1180
4292,1239,8,1181
4293,1240,8,1182
4294,1241,8,1183
4295,1242,8,1184
4296,1243,8,1185
4297,1244,8,1186
4298,1245,8,1187
4299,1246,8,1188
4300,1247,8,1189
4301,1248,8,1190
4302,1249,8,1191
4303,1250,8,1192
4304,1251,8,1193
4305,1252,8,1194
4306,1253,8,1195
4307,1254,8,1196
4308,1255,8,1197
4309,1256,8,1198
4310,1257,8,1199
4311,1258,8,1200
4312,1259,8,1201
4313,1260,8,1202
4314,1261,8,1203
4315,1262,8,1204
4316,1263,8,1205
4317,1264,8,1206
4318,1265,8,1207
4319,1266,8,1208
4320,1267,8,1209
4321,1268,8,1210
4322,1269,8,1211
4323,1270,8,1212
4324,1271,8,1213
4325,1272,8,1214
4326,1273,8,1215
4327,1274,8,1216
4328,1275,8,1217
4329,1276,8,1218
4330,1277,8,1219
4331,1278,8,1220
4332,1279,8,1221
4333,1280,8,1222
4334,1281,8,1223
4335,1282,8,1224
4336,1283,8,1225
4337,1284,8,1226
4338,1285,8,1227
4339,1286,8,1228
4340,1287,8,1229
4341,1288,8,1230
4342,1289,8,1231
4343,1290,8,1232
4344,1291,8,1233
4345,1292,8,1234
4346,1293,8,1235
4347,1294,8,1236
4348,1295,8,1237
4349,1296,8,1238
4350,1297,8,1239
4351,1298,8,1240
4352,1299,8,1241
4353,1300,8,1242
4354,1301,8,1243
4355,1302,8,1244
4356,1303,8,1245
4357,1304,8,1246
4358,1305,8,1247
4359,1306,8,1248
4360,1307,8,1249
4361,1308,8,1250
4362,1309,8,1251
4363,1310,8,1252
4364,1311,8,1253
4365,1312,8,1254
4366,1313,8,1255
4367,1314,8,1256
4368,1315,8,1257
4369,1316,8,1258
4370,1317,8,1259
4371,1318,8,1260
4372,1319,8,1261
4373,1320,8,1262
4374,1321,8,1263
4375,1322,8,1264
4376,1323,8,1265
4377,1324,8,1266
4378,1325,8,1267
4379,1326,8,1269
4380,1327,8,1270
4381,1328,8,1271
4382,1329,8,1278
4383,1330,8,1279
4384,1331,8,1280
4385,1332,8,1281
4386,1333,8,1282
4387,1334,8,1283
4388,1335,8,1284
4389,1336,8,1285
4390,1337,8,1286
4391,1338,8,1287
4392,1339,8,1288
4393,1340,8,1289
4394,1341,8,1290
4395,1342,8,1291
4396,1343,8,1292
4397,1344,8,1293
4398,1345,8,1294
4399,1346,8,1295
4400,1347,8,1296
4401,1348,8,1297
4402,1349,8,1298
4403,1350,8,1299
4404,1351,8,1300
4405,1352,8,1301
4406,1353,8,1302
4407,1354,8,1303
4408,1355,8,1304
4409,1356,8,1305
4410,1357,8,1306
4411,1358,8,1307
4412,1359,8,1308
4413,1360,8,1309
4414,1361,8,1310
4415,1362,8,1311
4416,1363,8,1312
4417,1364,8,1313
4418,1365,8,1314
4419,1366,8,1315
4420,1367,8,1316
4421,1368,8,1317
4422,1369,8,1318
4423,1370,8,1319
4424,1371,8,1320
4425,1372,8,1321
4426,1373,8,1322
4427,1374,8,1323
4428,1375,8,1324
4429,1376,8,1325
4430,1377,8,1326
4431,1378,8,1327
4432,1379,8,1328
4433,1380,8,1329
4434,1381,8,1330
4435,1382,8,1331
4436,1383,8,1332
4437,1384,8,1333
4438,1385,8,1334
4439,1386,8,1335
4440,1387,8,1336
4441,1388,8,1337
4442,1389,8,1338
4443,1390,8,1339
4444,1391,8,1340
4445,1392,8,1341
4446,1393,8,1342
4447,1394,8,1343
4448,1395,8,1344
4449,1396,8,1345
4450,1397,8,1346
4451,1398,8,1347
4452,1399,8,1348
4453,1400,8,1349
4454,1401,8,1350
4455,1402,8,1351
4456,1403,8,1352
4457,1404,8,1353
4458,1405,8,1354
4459,1406,8,1355
4460,1407,8,1356
4461,1408,8,1357
4462,1409,8,1358
4463,1410,8,1359
4464,1411,8,1360
4465,1412,8,1361
4466,1413,8,1362
4467,1414,8,1363
4468,1415,8,1364
4469,1416,8,1365
4470,1417,8,1366
4471,1418,8,1367
4472,1419,8,1368
4473,1420,8,1369
4474,1421,8,1370
4475,1422,8,1371
4476,1423,8,1372
4477,1424,8,1373
4478,1425,8,1374
4479,1426,8,1375
4480,1427,8,1376
4481,1428,8,1377
4482,1429,8,1378
4483,1430,8,1379
4484,1431,8,1380
4485,1432,8,1381
4486,1433,8,1382
4487,1434,8,1383
4488,1435,8,1384
4489,1436,8,1385
4490,1437,8,1386
4491,1438,8,1387
4492,1439,8,1388
4493,1440,8,1389
4494,1441,8,1390
4495,1442,8,1391
4496,1443,8,1392
4497,1444,8,1393
4498,1445,8,1394
4499,1446,8,1395
4500,1447,8,1396
4501,1448,8,1397
4502,1449,8,1398
4503,1450,8,1399
4504,1451,8,1400
4505,1452,8,1401
4506,1453,8,1402
4507,1454,8,1403
4508,1455,8,1404
4509,1456,8,1405
4510,1457,8,1406
4511,1458,8,1407
4512,1459,8,1408
4513,1460,8,1409
4514,1461,8,1410
4515,1462,8,1411
4516,1463,8,1412
4517,1464,8,1413
4518,1465,8,1414
4519,1466,8,1415
4520,1467,8,1416
4521,1468,8,1417
4522,1469,8,1418
4523,1470,8,1419
4524,1471,8,1420
4525,1472,8,1421
4526,1473,8,1422
4527,1474,8,1423
4528,1475,8,1424
4529,1476,8,1425
4530,1477,8,1426
4531,1478,8,1427
4532,1479,8,1428
4533,1480,8,1429
4534,1481,8,1430
4535,1482,8,1431
4536,1483,8,1432
4537,1484,8,1433
4538,1485,8,1434
4539,1486,8,1435
4540,1487,8,1436
4541,1488,8,1437
4542,1489,8,1438
4543,1490,8,1439
4544,1491,8,1440
4545,1492,8,1441
4546,1493,8,1442
4547,1494,8,1443
4548,1495,8,1444
4549,1496,8,1445
4550,1497,8,1446
4551,1498,8,1447
4552,1499,8,1448
4553,1500,8,1449
4554,1501,8,1450
4555,1502,8,1451
4556,1503,8,1452
4557,1504,8,1453
4558,1505,8,1454
4559,1506,8,1455
4560,1507,8,1456
4561,1508,8,1457
4562,1509,8,1458
4563,1510,8,1459
4564,1511,8,1460
4565,1512,8,1461
4566,1513,8,1462
4567,1514,8,1463
4568,1515,8,1464
4569,1516,8,1465
4570,1517,8,1466
4571,1518,8,1467
4572,1519,8,1468
4573,1520,8,1469
4574,1521,8,1470
4575,1522,8,1471
4576,1523,8,1472
4577,1524,8,1473
4578,1525,8,1474
4579,1526,8,1475
4580,1527,8,1476
4581,1528,8,1477
4582,1529,8,1478
4583,1530,8,1479
4584,1531,8,1480
4585,1532,8,1481
4586,1533,8,1482
4587,1534,8,1483
4588,1535,8,1484
4589,1536,8,1485
4590,1537,8,1486
4591,1538,8,1487
4592,1539,8,1488
4593,1540,8,1489
4594,1541,8,1490
4595,1542,8,1491
4596,1543,8,1492
4597,1544,8,1493
4598,1545,8,1494
4599,1546,8,1495
4600,1547,8,1496
4601,1548,8,1497
4602,1549,8,1498
4603,1550,8,1499
4604,1551,8,1500
4605,1552,8,1501
4606,1553,8,1502
4607,1554,8,1503
4608,1555,8,1504
4609,1556,8,1505
4610,1557,8,1506
4611,1558,8,1507
4612,1559,8,1508
4613,1560,8,1509
4614,1561,8,1510
4615,1562,8,1511
4616,1563,8,1512
4617,1564,8,1513
4618,1565,8,1514
4619,1566,8,1515
4620,1567,8,1516
4621,1568,8,1517
4622,1569,8,1518
4623,1570,8,1519
4624,1571,8,1520
4625,1572,8,1521
4626,1573,8,1522
4627,1574,8,1523
4628,1575,8,1524
4629,1576,8,1525
4630,1577,8,1526
4631,1578,8,1527
4632,1579,8,1528
4633,1580,8,1529
4634,1581,8,1530
4635,1582,8,1531
4636,1583,8,1532
4637,1584,8,1533
4638,1585,8,1534
4639,1586,8,1535
4640,1587,8,1536
4641,1588,8,1537
4642,1589,8,1538
4643,1590,8,1539
4644,1591,8,1540
4645,1592,8,1541
4646,1593,8,1542
4647,1594,8,1543
4648,1595,8,1544
4649,1596,8,1545
4650,1597,8,1546
4651,1598,8,1547
4652,1599,8,1548
4653,1600,8,1549
4654,1601,8,1550
4655,1602,8,1551
4656,1603,8,1552
4657,1604,8,1553
4658,1605,8,1554
4659,1606,8,1555
4660,1607,8,1556
4661,1608,8,1557
4662,1609,8,1558
4663,1610,8,1559
4664,1611,8,1560
4665,1612,8,1561
4666,1613,8,1562
4667,1614,8,1563
4668,1615,8,1564
4669,1616,8,1565
4670,1617,8,1566
4671,1618,8,1567
4672,1619,8,1568
4673,1620,8,1569
4674,1621,8,1570
4675,1622,8,1571
4676,1623,8,1572
4677,1624,8,1573
4678,1625,8,1574
4679,1626,8,1575
4680,1627,8,1576
4681,1628,8,1577
4682,1629,8,1578
4683,1630,8,1579
4684,1631,8,1580
4685,1632,8,1581
4686,1633,8,1582
4687,1634,8,1583
4688,1635,8,1584
4689,1636,8,1585
4690,1637,8,1586
4691,1638,8,1587
4692,1639,8,1588
4693,1640,8,1589
4694,1641,8,1590
4695,1642,8,1591
4696,1643,8,1592
4697,1644,8,1593
4698,1645,8,1594
4699,1646,8,1595
4700,1647,8,1596
4701,1648,8,1597
4702,1649,8,1598
4703,1650,8,1599
4704,1651,8,1600
4705,1652,8,1601
4706,1653,8,1602
4707,1654,8,1603
4708,1655,8,1604
4709,1656,8,1605
4710,1657,8,1606
4711,1658,8,1607
