id,creature_id,element_id,slot_order
1,1,12,1
2,1,4,2
3,2,12,1
4,2,4,2
5,3,12,1
6,3,4,2
7,4,10,1
8,5,10,1
9,6,10,1
10,6,3,2
11,7,11,1
12,8,11,1
13,9,11,1
14,10,7,1
15,11,7,1
16,12,7,1
17,12,3,2
18,13,7,1
19,13,4,2
20,14,7,1
21,14,4,2
22,15,7,1
23,15,4,2
24,16,1,1
25,16,3,2
26,17,1,1
27,17,3,2
28,18,1,1
29,18,3,2
30,19,1,1
31,20,1,1
32,21,1,1
33,21,3,2
34,22,1,1
35,22,3,2
36,23,4,1
37,24,4,1
38,25,13,1
39,26,13,1
40,27,5,1
41,28,5,1
42,29,4,1
43,30,4,1
44,31,4,1
45,31,5,2
46,32,4,1
47,33,4,1
48,34,4,1
49,34,5,2
50,35,18,1
51,36,18,1
52,37,10,1
53,38,10,1
54,39,1,1
55,39,18,2
56,40,1,1
57,40,18,2
58,41,4,1
59,41,3,2
60,42,4,1
61,42,3,2
62,43,12,1
63,43,4,2
64,44,12,1
65,44,4,2
66,45,12,1
67,45,4,2
68,46,7,1
69,46,12,2
70,47,7,1
71,47,12,2
72,48,7,1
73,48,4,2
74,49,7,1
75,49,4,2
76,50,5,1
77,51,5,1
78,52,1,1
79,53,1,1
80,54,11,1
81,55,11,1
82,56,2,1
83,57,2,1
84,58,10,1
85,59,10,1
86,60,11,1
87,61,11,1
88,62,11,1
89,62,2,2
90,63,14,1
91,64,14,1
92,65,14,1
93,66,2,1
94,67,2,1
95,68,2,1
96,69,12,1
97,69,4,2
98,70,12,1
99,70,4,2
100,71,12,1
101,71,4,2
102,72,11,1
103,72,4,2
104,73,11,1
105,73,4,2
106,74,6,1
107,74,5,2
108,75,6,1
109,75,5,2
110,76,6,1
111,76,5,2
112,77,10,1
113,78,10,1
114,79,11,1
115,79,14,2
116,80,11,1
117,80,14,2
118,81,13,1
119,81,9,2
120,82,13,1
121,82,9,2
122,83,1,1
123,83,3,2
124,84,1,1
125,84,3,2
126,85,1,1
127,85,3,2
128,86,11,1
129,87,11,1
130,87,15,2
131,88,4,1
132,89,4,1
133,90,11,1
134,91,11,1
135,91,15,2
136,92,8,1
137,92,4,2
138,93,8,1
139,93,4,2
140,94,8,1
141,94,4,2
142,95,6,1
143,95,5,2
144,96,14,1
145,97,14,1
146,98,11,1
147,99,11,1
148,100,13,1
149,101,13,1
150,102,12,1
151,102,14,2
152,103,12,1
153,103,14,2
154,104,5,1
155,105,5,1
156,106,2,1
157,107,2,1
158,108,1,1
159,109,4,1
160,110,4,1
161,111,5,1
162,111,6,2
163,112,5,1
164,112,6,2
165,113,1,1
166,114,12,1
167,115,1,1
168,116,11,1
169,117,11,1
170,118,11,1
171,119,11,1
172,120,11,1
173,121,11,1
174,121,14,2
175,122,14,1
176,122,18,2
177,123,7,1
178,123,3,2
179,124,15,1
180,124,14,2
181,125,13,1
182,126,10,1
183,127,7,1
184,128,1,1
185,129,11,1
186,130,11,1
187,130,3,2
188,131,11,1
189,131,15,2
190,132,1,1
191,133,1,1
192,134,11,1
193,135,13,1
194,136,10,1
195,137,1,1
196,138,6,1
197,138,11,2
198,139,6,1
199,139,11,2
200,140,6,1
201,140,11,2
202,141,6,1
203,141,11,2
204,142,6,1
205,142,3,2
206,143,1,1
207,144,15,1
208,144,3,2
209,145,13,1
210,145,3,2
211,146,10,1
212,146,3,2
213,147,16,1
214,148,16,1
215,149,16,1
216,149,3,2
217,150,14,1
218,151,14,1
219,152,12,1
220,153,12,1
221,154,12,1
222,155,10,1
223,156,10,1
224,157,10,1
225,158,11,1
226,159,11,1
227,160,11,1
228,161,1,1
229,162,1,1
230,163,1,1
231,163,3,2
232,164,1,1
233,164,3,2
234,165,7,1
235,165,3,2
236,166,7,1
237,166,3,2
238,167,7,1
239,167,4,2
240,168,7,1
241,168,4,2
242,169,4,1
243,169,3,2
244,170,11,1
245,170,13,2
246,171,11,1
247,171,13,2
248,172,13,1
249,173,18,1
250,174,1,1
251,174,18,2
252,175,18,1
253,176,18,1
254,176,3,2
255,177,14,1
256,177,3,2
257,178,14,1
258,178,3,2
259,179,13,1
260,180,13,1
261,181,13,1
262,182,12,1
263,183,11,1
264,183,18,2
265,184,11,1
266,184,18,2
267,185,6,1
268,186,11,1
269,187,12,1
270,187,3,2
271,188,12,1
272,188,3,2
273,189,12,1
274,189,3,2
275,190,1,1
276,191,12,1
277,192,12,1
278,193,7,1
279,193,3,2
280,194,11,1
281,194,5,2
282,195,11,1
283,195,5,2
284,196,14,1
285,197,17,1
286,198,17,1
287,198,3,2
288,199,11,1
289,199,14,2
290,200,8,1
291,201,14,1
292,202,14,1
293,203,1,1
294,203,14,2
295,204,7,1
296,205,7,1
297,205,9,2
298,206,1,1
299,207,5,1
300,207,3,2
301,208,9,1
302,208,5,2
303,209,18,1
304,210,18,1
305,211,11,1
306,211,4,2
307,212,7,1
308,212,9,2
309,213,7,1
310,213,6,2
311,214,7,1
312,214,2,2
313,215,17,1
314,215,15,2
315,216,1,1
316,217,1,1
317,218,10,1
318,219,10,1
319,219,6,2
320,220,15,1
321,220,5,2
322,221,15,1
323,221,5,2
324,222,11,1
325,222,6,2
326,223,11,1
327,224,11,1
328,225,15,1
329,225,3,2
330,226,11,1
331,226,3,2
332,227,9,1
333,227,3,2
334,228,17,1
335,228,10,2
336,229,17,1
337,229,10,2
338,230,11,1
339,230,16,2
340,231,5,1
341,232,5,1
342,233,1,1
343,234,1,1
344,235,1,1
345,236,2,1
346,237,2,1
347,238,15,1
348,238,14,2
349,239,13,1
350,240,10,1
351,241,1,1
352,242,1,1
353,243,13,1
354,244,10,1
355,245,11,1
356,246,6,1
357,246,5,2
358,247,6,1
359,247,5,2
360,248,6,1
361,248,17,2
362,249,14,1
363,249,3,2
364,250,10,1
365,250,3,2
366,251,14,1
367,251,12,2
368,252,12,1
369,253,12,1
370,254,12,1
371,255,10,1
372,256,10,1
373,256,2,2
374,257,10,1
375,257,2,2
376,258,11,1
377,259,11,1
378,259,5,2
379,260,11,1
380,260,5,2
381,261,17,1
382,262,17,1
383,263,1,1
384,264,1,1
385,265,7,1
386,266,7,1
387,267,7,1
388,267,3,2
389,268,7,1
390,269,7,1
391,269,4,2
392,270,11,1
393,270,12,2
394,271,11,1
395,271,12,2
396,272,11,1
397,272,12,2
398,273,12,1
399,274,12,1
400,274,17,2
401,275,12,1
402,275,17,2
403,276,1,1
404,276,3,2
405,277,1,1
406,277,3,2
407,278,11,1
408,278,3,2
409,279,11,1
410,279,3,2
411,280,14,1
412,280,18,2
413,281,14,1
414,281,18,2
415,282,14,1
416,282,18,2
417,283,7,1
418,283,11,2
419,284,7,1
420,284,3,2
421,285,12,1
422,286,12,1
423,286,2,2
424,287,1,1
425,288,1,1
426,289,1,1
427,290,7,1
428,290,5,2
429,291,7,1
430,291,3,2
431,292,7,1
432,292,8,2
433,293,1,1
434,294,1,1
435,295,1,1
436,296,2,1
437,297,2,1
438,298,1,1
439,298,18,2
440,299,6,1
441,300,1,1
442,301,1,1
443,302,17,1
444,302,8,2
445,303,9,1
446,303,18,2
447,304,9,1
448,304,6,2
449,305,9,1
450,305,6,2
451,306,9,1
452,306,6,2
453,307,2,1
454,307,14,2
455,308,2,1
456,308,14,2
457,309,13,1
458,310,13,1
459,311,13,1
460,312,13,1
461,313,7,1
462,314,7,1
463,315,12,1
464,315,4,2
465,316,4,1
466,317,4,1
467,318,11,1
468,318,17,2
469,319,11,1
470,319,17,2
471,320,11,1
472,321,11,1
473,322,10,1
474,322,5,2
475,323,10,1
476,323,5,2
477,324,10,1
478,325,14,1
479,326,14,1
480,327,1,1
481,328,5,1
482,329,5,1
483,329,16,2
484,330,5,1
485,330,16,2
486,331,12,1
487,332,12,1
488,332,17,2
489,333,1,1
490,333,3,2
491,334,16,1
492,334,3,2
493,335,1,1
494,336,4,1
495,337,6,1
496,337,14,2
497,338,6,1
498,338,14,2
499,339,11,1
500,339,5,2
501,340,11,1
502,340,5,2
503,341,11,1
504,342,11,1
505,342,17,2
506,343,5,1
507,343,14,2
508,344,5,1
509,344,14,2
510,345,6,1
511,345,12,2
512,346,6,1
513,346,12,2
514,347,6,1
515,347,7,2
516,348,6,1
517,348,7,2
518,349,11,1
519,350,11,1
520,351,1,1
521,352,1,1
522,353,8,1
523,354,8,1
524,355,8,1
525,356,8,1
526,357,12,1
527,357,3,2
528,358,14,1
529,359,17,1
530,360,14,1
531,361,15,1
532,362,15,1
533,363,15,1
534,363,11,2
535,364,15,1
536,364,11,2
537,365,15,1
538,365,11,2
539,366,11,1
540,367,11,1
541,368,11,1
542,369,11,1
543,369,6,2
544,370,11,1
545,371,16,1
546,372,16,1
547,373,16,1
548,373,3,2
549,374,9,1
550,374,14,2
551,375,9,1
552,375,14,2
553,376,9,1
554,376,14,2
555,377,6,1
556,378,15,1
557,379,9,1
558,380,16,1
559,380,14,2
560,381,16,1
561,381,14,2
562,382,11,1
563,383,5,1
564,384,16,1
565,384,3,2
566,385,9,1
567,385,14,2
568,386,14,1
569,387,12,1
570,388,12,1
571,389,12,1
572,389,5,2
573,390,10,1
574,391,10,1
575,391,2,2
576,392,10,1
577,392,2,2
578,393,11,1
579,394,11,1
580,395,11,1
581,395,9,2
582,396,1,1
583,396,3,2
584,397,1,1
585,397,3,2
586,398,1,1
587,398,3,2
588,399,1,1
589,400,1,1
590,400,11,2
591,401,7,1
592,402,7,1
593,403,13,1
594,404,13,1
595,405,13,1
596,406,12,1
597,406,4,2
598,407,12,1
599,407,4,2
600,408,6,1
601,409,6,1
602,410,6,1
603,410,9,2
604,411,6,1
605,411,9,2
606,412,7,1
607,413,7,1
608,413,12,2
609,414,7,1
610,414,3,2
611,415,7,1
612,415,3,2
613,416,7,1
614,416,3,2
615,417,13,1
616,418,11,1
617,419,11,1
618,420,12,1
619,421,12,1
620,422,11,1
621,423,11,1
622,423,5,2
623,424,1,1
624,425,8,1
625,425,3,2
626,426,8,1
627,426,3,2
628,427,1,1
629,428,1,1
630,429,8,1
631,430,17,1
632,430,3,2
633,431,1,1
634,432,1,1
635,433,14,1
636,434,4,1
637,434,17,2
638,435,4,1
639,435,17,2
640,436,9,1
641,436,14,2
642,437,9,1
643,437,14,2
644,438,6,1
645,439,14,1
646,439,18,2
647,440,1,1
648,441,1,1
649,441,3,2
650,442,8,1
651,442,17,2
652,443,16,1
653,443,5,2
654,444,16,1
655,444,5,2
656,445,16,1
657,445,5,2
658,446,1,1
659,447,2,1
660,448,2,1
661,448,9,2
662,449,5,1
663,450,5,1
664,451,4,1
665,451,7,2
666,452,4,1
667,452,17,2
668,453,4,1
669,453,2,2
670,454,4,1
671,454,2,2
672,455,12,1
673,456,11,1
674,457,11,1
675,458,11,1
676,458,3,2
677,459,12,1
678,459,15,2
679,460,12,1
680,460,15,2
681,461,17,1
682,461,15,2
683,462,13,1
684,462,9,2
685,463,1,1
686,464,5,1
687,464,6,2
688,465,12,1
689,466,13,1
690,467,10,1
691,468,18,1
692,468,3,2
693,469,7,1
694,469,3,2
695,470,12,1
696,471,15,1
697,472,5,1
698,472,3,2
699,473,15,1
700,473,5,2
701,474,1,1
702,475,14,1
703,475,2,2
704,476,6,1
705,476,9,2
706,477,8,1
707,478,15,1
708,478,8,2
709,479,13,1
710,479,8,2
711,480,14,1
712,481,14,1
713,482,14,1
714,483,9,1
715,483,16,2
716,484,11,1
717,484,16,2
718,485,10,1
719,485,9,2
720,486,1,1
721,487,8,1
722,487,16,2
723,488,14,1
724,489,11,1
725,490,11,1
726,491,17,1
727,492,12,1
728,493,1,1
729,494,14,1
730,494,10,2
731,495,12,1
732,496,12,1
733,497,12,1
734,498,10,1
735,499,10,1
736,499,2,2
737,500,10,1
738,500,2,2
739,501,11,1
740,502,11,1
741,503,11,1
742,504,1,1
743,505,1,1
744,506,1,1
745,507,1,1
746,508,1,1
747,509,17,1
748,510,17,1
749,511,12,1
750,512,12,1
751,513,10,1
752,514,10,1
753,515,11,1
754,516,11,1
755,517,14,1
756,518,14,1
757,519,1,1
758,519,3,2
759,520,1,1
760,520,3,2
761,521,1,1
762,521,3,2
763,522,13,1
764,523,13,1
765,524,6,1
766,525,6,1
767,526,6,1
768,527,14,1
769,527,3,2
770,528,14,1
771,528,3,2
772,529,5,1
773,530,5,1
774,530,9,2
775,531,1,1
776,532,2,1
777,533,2,1
778,534,2,1
779,535,11,1
780,536,11,1
781,536,5,2
782,537,11,1
783,537,5,2
784,538,2,1
785,539,2,1
786,540,7,1
787,540,12,2
788,541,7,1
789,541,12,2
790,542,7,1
791,542,12,2
792,543,7,1
793,543,4,2
794,544,7,1
795,544,4,2
796,545,7,1
797,545,4,2
798,546,12,1
799,546,18,2
800,547,12,1
801,547,18,2
802,548,12,1
803,549,12,1
804,550,11,1
805,551,5,1
806,551,17,2
807,552,5,1
808,552,17,2
809,553,5,1
810,553,17,2
811,554,10,1
812,555,10,1
813,556,12,1
814,557,7,1
815,557,6,2
816,558,7,1
817,558,6,2
818,559,17,1
819,559,2,2
820,560,17,1
821,560,2,2
822,561,14,1
823,561,3,2
824,562,8,1
825,563,8,1
826,564,11,1
827,564,6,2
828,565,11,1
829,565,6,2
830,566,6,1
831,566,3,2
832,567,6,1
833,567,3,2
834,568,4,1
835,569,4,1
836,570,17,1
837,571,17,1
838,572,1,1
839,573,1,1
840,574,14,1
841,575,14,1
842,576,14,1
843,577,14,1
844,578,14,1
845,579,14,1
846,580,11,1
847,580,3,2
848,581,11,1
849,581,3,2
850,582,15,1
851,583,15,1
852,584,15,1
853,585,1,1
854,585,12,2
855,586,1,1
856,586,12,2
857,587,13,1
858,587,3,2
859,588,7,1
860,589,7,1
861,589,9,2
862,590,12,1
863,590,4,2
864,591,12,1
865,591,4,2
866,592,11,1
867,592,8,2
868,593,11,1
869,593,8,2
870,594,11,1
871,595,7,1
872,595,13,2
873,596,7,1
874,596,13,2
875,597,12,1
876,597,9,2
877,598,12,1
878,598,9,2
879,599,9,1
880,600,9,1
881,601,9,1
882,602,13,1
883,603,13,1
884,604,13,1
885,605,14,1
886,606,14,1
887,607,8,1
888,607,10,2
889,608,8,1
890,608,10,2
891,609,8,1
892,609,10,2
893,610,16,1
894,611,16,1
895,612,16,1
896,613,15,1
897,614,15,1
898,615,15,1
899,616,7,1
900,617,7,1
901,618,5,1
902,618,13,2
903,619,2,1
904,620,2,1
905,621,16,1
906,622,5,1
907,622,8,2
908,623,5,1
909,623,8,2
910,624,17,1
911,624,9,2
912,625,17,1
913,625,9,2
914,626,1,1
915,627,1,1
916,627,3,2
917,628,1,1
918,628,3,2
919,629,17,1
920,629,3,2
921,630,17,1
922,630,3,2
923,631,10,1
924,632,7,1
925,632,9,2
926,633,17,1
927,633,16,2
928,634,17,1
929,634,16,2
930,635,17,1
931,635,16,2
932,636,7,1
933,636,10,2
934,637,7,1
935,637,10,2
936,638,9,1
937,638,2,2
938,639,6,1
939,639,2,2
940,640,12,1
941,640,2,2
942,641,3,1
943,642,13,1
944,642,3,2
945,643,16,1
946,643,10,2
947,644,16,1
948,644,13,2
949,645,5,1
950,645,3,2
951,646,16,1
952,646,15,2
953,647,11,1
954,647,2,2
955,648,1,1
956,648,14,2
957,649,7,1
958,649,9,2
959,650,12,1
960,651,12,1
961,652,12,1
962,652,2,2
963,653,10,1
964,654,10,1
965,655,10,1
966,655,14,2
967,656,11,1
968,657,11,1
969,658,11,1
970,658,17,2
971,659,1,1
972,660,1,1
973,660,5,2
974,661,1,1
975,661,3,2
976,662,10,1
977,662,3,2
978,663,10,1
979,663,3,2
980,664,7,1
981,665,7,1
982,666,7,1
983,666,3,2
984,667,10,1
985,667,1,2
986,668,10,1
987,668,1,2
988,669,18,1
989,670,18,1
990,671,18,1
991,672,12,1
992,673,12,1
993,674,2,1
994,675,2,1
995,675,17,2
996,676,1,1
997,677,14,1
998,678,14,1
999,679,9,1
1000,679,8,2
1001,680,9,1
1002,680,8,2
1003,681,9,1
1004,681,8,2
1005,682,18,1
1006,683,18,1
1007,684,18,1
1008,685,18,1
1009,686,17,1
1010,686,14,2
1011,687,17,1
1012,687,14,2
1013,688,6,1
1014,688,11,2
1015,689,6,1
1016,689,11,2
1017,690,4,1
1018,690,11,2
1019,691,4,1
1020,691,16,2
1021,692,11,1
1022,693,11,1
1023,694,13,1
1024,694,1,2
1025,695,13,1
1026,695,1,2
1027,696,6,1
1028,696,16,2
1029,697,6,1
1030,697,16,2
1031,698,6,1
1032,698,15,2
1033,699,6,1
1034,699,15,2
1035,700,18,1
1036,701,2,1
1037,701,3,2
1038,702,13,1
1039,702,18,2
1040,703,6,1
1041,703,18,2
1042,704,16,1
1043,705,16,1
1044,706,16,1
1045,707,9,1
1046,707,18,2
1047,708,8,1
1048,708,12,2
1049,709,8,1
1050,709,12,2
1051,710,8,1
1052,710,12,2
1053,711,8,1
1054,711,12,2
1055,712,15,1
1056,713,15,1
1057,714,3,1
1058,714,16,2
1059,715,3,1
1060,715,16,2
1061,716,18,1
1062,717,17,1
1063,717,3,2
1064,718,16,1
1065,718,5,2
1066,719,6,1
1067,719,18,2
1068,720,14,1
1069,720,8,2
1070,721,10,1
1071,721,11,2
1072,722,12,1
1073,722,3,2
1074,723,12,1
1075,723,3,2
1076,724,12,1
1077,724,8,2
1078,725,10,1
1079,726,10,1
1080,727,10,1
1081,727,17,2
1082,728,11,1
1083,729,11,1
1084,730,11,1
1085,730,18,2
1086,731,1,1
1087,731,3,2
1088,732,1,1
1089,732,3,2
1090,733,1,1
1091,733,3,2
1092,734,1,1
1093,735,1,1
1094,736,7,1
1095,737,7,1
1096,737,13,2
1097,738,7,1
1098,738,13,2
1099,739,2,1
1100,740,2,1
1101,740,15,2
1102,741,10,1
1103,741,3,2
1104,742,7,1
1105,742,18,2
1106,743,7,1
1107,743,18,2
1108,744,6,1
1109,745,6,1
1110,746,11,1
1111,747,4,1
1112,747,11,2
1113,748,4,1
1114,748,11,2
1115,749,5,1
1116,750,5,1
1117,751,11,1
1118,751,7,2
1119,752,11,1
1120,752,7,2
1121,753,12,1
1122,754,12,1
1123,755,12,1
1124,755,18,2
1125,756,12,1
1126,756,18,2
1127,757,4,1
1128,757,10,2
1129,758,4,1
1130,758,10,2
1131,759,1,1
1132,759,2,2
1133,760,1,1
1134,760,2,2
1135,761,12,1
1136,762,12,1
1137,763,12,1
1138,764,18,1
1139,765,1,1
1140,765,14,2
1141,766,2,1
1142,767,7,1
1143,767,11,2
1144,768,7,1
1145,768,11,2
1146,769,8,1
1147,769,5,2
1148,770,8,1
1149,770,5,2
1150,771,11,1
1151,772,1,1
1152,773,1,1
1153,774,6,1
1154,774,3,2
1155,775,1,1
1156,776,10,1
1157,776,16,2
1158,777,13,1
1159,777,9,2
1160,778,8,1
1161,778,18,2
1162,779,11,1
1163,779,14,2
1164,780,1,1
1165,780,16,2
1166,781,8,1
1167,781,12,2
1168,782,16,1
1169,783,16,1
1170,783,2,2
1171,784,16,1
1172,784,2,2
1173,785,13,1
1174,785,18,2
1175,786,14,1
1176,786,18,2
1177,787,12,1
1178,787,18,2
1179,788,11,1
1180,788,18,2
1181,789,14,1
1182,790,14,1
1183,791,14,1
1184,791,9,2
1185,792,14,1
1186,792,8,2
1187,793,6,1
1188,793,4,2
1189,794,7,1
1190,794,2,2
1191,795,7,1
1192,795,2,2
1193,796,13,1
1194,797,9,1
1195,797,3,2
1196,798,12,1
1197,798,9,2
1198,799,17,1
1199,799,16,2
1200,800,14,1
1201,801,9,1
1202,801,18,2
1203,802,2,1
1204,802,8,2
1205,803,4,1
1206,804,4,1
1207,804,16,2
1208,805,6,1
1209,805,9,2
1210,806,10,1
1211,806,8,2
1212,807,13,1
1213,808,9,1
1214,809,9,1
1215,810,12,1
1216,811,12,1
1217,812,12,1
1218,813,10,1
1219,814,10,1
1220,815,10,1
1221,816,11,1
1222,817,11,1
1223,818,11,1
1224,819,1,1
1225,820,1,1
1226,821,3,1
1227,822,3,1
1228,823,3,1
1229,823,9,2
1230,824,7,1
1231,825,7,1
1232,825,14,2
1233,826,7,1
1234,826,14,2
1235,827,17,1
1236,828,17,1
1237,829,12,1
1238,830,12,1
1239,831,1,1
1240,832,1,1
1241,833,11,1
1242,834,11,1
1243,834,6,2
1244,835,13,1
1245,836,13,1
1246,837,6,1
1247,838,6,1
1248,838,10,2
1249,839,6,1
1250,839,10,2
1251,840,12,1
1252,840,16,2
1253,841,12,1
1254,841,16,2
1255,842,12,1
1256,842,16,2
1257,843,5,1
1258,844,5,1
1259,845,3,1
1260,845,11,2
1261,846,11,1
1262,847,11,1
1263,848,13,1
1264,848,4,2
1265,849,13,1
1266,849,4,2
1267,850,10,1
1268,850,7,2
1269,851,10,1
1270,851,7,2
1271,852,2,1
1272,853,2,1
1273,854,8,1
1274,855,8,1
1275,856,14,1
1276,857,14,1
1277,858,14,1
1278,858,18,2
1279,859,17,1
1280,859,18,2
1281,860,17,1
1282,860,18,2
1283,861,17,1
1284,861,18,2
1285,862,17,1
1286,862,1,2
1287,863,9,1
1288,864,8,1
1289,865,2,1
1290,866,15,1
1291,866,14,2
1292,867,5,1
1293,867,8,2
1294,868,18,1
1295,869,18,1
1296,870,2,1
1297,871,13,1
1298,872,15,1
1299,872,7,2
1300,873,15,1
1301,873,7,2
1302,874,6,1
1303,875,15,1
1304,876,14,1
1305,876,1,2
1306,877,13,1
1307,877,17,2
1308,878,9,1
1309,879,9,1
1310,880,13,1
1311,880,16,2
1312,881,13,1
1313,881,15,2
1314,882,11,1
1315,882,16,2
1316,883,11,1
1317,883,15,2
1318,884,9,1
1319,884,16,2
1320,885,16,1
1321,885,8,2
1322,886,16,1
1323,886,8,2
1324,887,16,1
1325,887,8,2
1326,888,18,1
1327,889,2,1
1328,890,4,1
1329,890,16,2
1330,891,2,1
1331,892,2,1
1332,892,17,2
1333,893,17,1
1334,893,12,2
1335,894,13,1
1336,895,16,1
1337,896,15,1
1338,897,8,1
1339,898,14,1
1340,898,12,2
1341,899,1,1
1342,899,14,2
1343,900,7,1
1344,900,6,2
1345,901,5,1
1346,901,1,2
1347,902,11,1
1348,902,8,2
1349,903,2,1
1350,903,4,2
1351,904,17,1
1352,904,4,2
1353,905,18,1
1354,905,3,2
1355,906,12,1
1356,907,12,1
1357,908,12,1
1358,908,17,2
1359,909,10,1
1360,910,10,1
1361,911,10,1
1362,911,8,2
1363,912,11,1
1364,913,11,1
1365,914,11,1
1366,914,2,2
1367,915,1,1
1368,916,1,1
1369,917,7,1
1370,918,7,1
1371,919,7,1
1372,920,7,1
1373,920,17,2
1374,921,13,1
1375,922,13,1
1376,922,2,2
1377,923,13,1
1378,923,2,2
1379,924,1,1
1380,925,1,1
1381,926,18,1
1382,927,18,1
1383,928,12,1
1384,928,1,2
1385,929,12,1
1386,929,1,2
1387,930,12,1
1388,930,1,2
1389,931,1,1
1390,931,3,2
1391,932,6,1
1392,933,6,1
1393,934,6,1
1394,935,10,1
1395,936,10,1
1396,936,14,2
1397,937,10,1
1398,937,8,2
1399,938,13,1
1400,939,13,1
1401,940,13,1
1402,940,3,2
1403,941,13,1
1404,941,3,2
1405,942,17,1
1406,943,17,1
1407,944,4,1
1408,944,1,2
1409,945,4,1
1410,945,1,2
1411,946,12,1
1412,946,8,2
1413,947,12,1
1414,947,8,2
1415,948,5,1
1416,948,12,2
1417,949,5,1
1418,949,12,2
1419,950,6,1
1420,951,12,1
1421,952,12,1
1422,952,10,2
1423,953,7,1
1424,954,7,1
1425,954,14,2
1426,955,14,1
1427,956,14,1
1428,957,18,1
1429,957,9,2
1430,958,18,1
1431,958,9,2
1432,959,18,1
1433,959,9,2
1434,960,11,1
1435,961,11,1
1436,962,3,1
1437,962,17,2
1438,963,11,1
1439,964,11,1
1440,965,9,1
1441,965,4,2
1442,966,9,1
1443,966,4,2
1444,967,16,1
1445,967,1,2
1446,968,9,1
1447,969,6,1
1448,969,4,2
1449,970,6,1
1450,970,4,2
1451,971,8,1
1452,972,8,1
1453,973,3,1
1454,973,2,2
1455,974,15,1
1456,975,15,1
1457,976,11,1
1458,976,14,2
1459,977,11,1
1460,978,16,1
1461,978,11,2
1462,979,2,1
1463,979,8,2
1464,980,4,1
1465,980,5,2
1466,981,1,1
1467,981,14,2
1468,982,1,1
1469,983,17,1
1470,983,9,2
1471,984,5,1
1472,984,2,2
1473,985,18,1
1474,985,14,2
1475,986,12,1
1476,986,17,2
1477,987,8,1
1478,987,18,2
1479,988,7,1
1480,988,2,2
1481,989,13,1
1482,989,5,2
1483,990,5,1
1484,990,9,2
1485,991,15,1
1486,991,11,2
1487,992,2,1
1488,992,13,2
1489,993,17,1
1490,993,3,2
1491,994,10,1
1492,994,4,2
1493,995,6,1
1494,995,13,2
1495,996,16,1
1496,996,15,2
1497,997,16,1
1498,997,15,2
1499,998,16,1
1500,998,15,2
1501,999,8,1
1502,1000,9,1
1503,1000,8,2
1504,1001,17,1
1505,1001,12,2
1506,1002,17,1
1507,1002,15,2
1508,1003,17,1
1509,1003,5,2
1510,1004,17,1
1511,1004,10,2
1512,1005,16,1
1513,1005,17,2
1514,1006,18,1
1515,1006,2,2
1516,1007,2,1
1517,1007,16,2
1518,1008,13,1
1519,1008,16,2
1520,1009,11,1
1521,1009,16,2
1522,1010,12,1
1523,1010,14,2
1524,1011,12,1
1525,1011,16,2
1526,1012,12,1
1527,1012,8,2
1528,1013,12,1
1529,1013,8,2
1530,1014,4,1
1531,1014,2,2
1532,1015,4,1
1533,1015,14,2
1534,1016,4,1
1535,1016,18,2
1536,1017,12,1
1537,1018,9,1
1538,1018,16,2
1539,1019,12,1
1540,1019,16,2
1541,1020,10,1
1542,1020,16,2
1543,1021,13,1
1544,1021,16,2
1545,1022,6,1
1546,1022,14,2
1547,1023,9,1
1548,1023,14,2
1549,1024,1,1
1550,1025,4,1
1551,1025,8,2
1552,10001,14,1
1553,10002,14,1
1554,10003,14,1
1555,10004,7,1
1556,10004,5,2
1557,10005,7,1
1558,10005,9,2
1559,10006,12,1
1560,10006,3,2
1561,10007,8,1
1562,10007,16,2
1563,10008,13,1
1564,10008,10,2
1565,10009,13,1
1566,10009,11,2
1567,10010,13,1
1568,10010,15,2
1569,10011,13,1
1570,10011,3,2
1571,10012,13,1
1572,10012,12,2
1573,10013,10,1
1574,10014,11,1
1575,10015,15,1
1576,10016,11,1
1577,10017,10,1
1578,10017,14,2
1579,10018,1,1
1580,10018,2,2
1581,10019,3,1
1582,10020,13,1
1583,10020,3,2
1584,10021,5,1
1585,10021,3,2
1586,10022,16,1
1587,10022,15,2
1588,10023,16,1
1589,10023,15,2
1590,10024,11,1
1591,10024,2,2
1592,10025,14,1
1593,10026,9,1
1594,10026,8,2
1595,10027,8,1
1596,10027,12,2
1597,10028,8,1
1598,10028,12,2
1599,10029,8,1
1600,10029,12,2
1601,10030,8,1
1602,10030,12,2
1603,10031,8,1
1604,10031,12,2
1605,10032,8,1
1606,10032,12,2
1607,10033,12,1
1608,10033,4,2
1609,10034,10,1
1610,10034,16,2
1611,10035,10,1
1612,10035,3,2
1613,10036,11,1
1614,10037,14,1
1615,10038,8,1
1616,10038,4,2
1617,10039,1,1
1618,10040,7,1
1619,10040,3,2
1620,10041,11,1
1621,10041,17,2
1622,10042,6,1
1623,10042,3,2
1624,10043,14,1
1625,10043,2,2
1626,10044,14,1
1627,10045,13,1
1628,10045,16,2
1629,10046,7,1
1630,10046,9,2
1631,10047,7,1
1632,10047,2,2
1633,10048,17,1
1634,10048,10,2
1635,10049,6,1
1636,10049,17,2
1637,10050,10,1
1638,10050,2,2
1639,10051,14,1
1640,10051,18,2
1641,10052,9,1
1642,10052,18,2
1643,10053,9,1
1644,10054,2,1
1645,10054,14,2
1646,10055,13,1
1647,10056,8,1
1648,10057,17,1
1649,10058,16,1
1650,10058,5,2
1651,10059,2,1
1652,10059,9,2
1653,10060,12,1
1654,10060,15,2
1655,10061,18,1
1656,10062,16,1
1657,10062,14,2
1658,10063,16,1
1659,10063,14,2
1660,10064,11,1
1661,10064,5,2
1662,10065,12,1
1663,10065,16,2
1664,10066,17,1
1665,10066,8,2
1666,10067,16,1
1667,10067,18,2
1668,10068,14,1
1669,10068,2,2
1670,10069,1,1
1671,10069,18,2
1672,10070,11,1
1673,10070,17,2
1674,10071,11,1
1675,10071,14,2
1676,10072,9,1
1677,10072,5,2
1678,10073,1,1
1679,10073,3,2
1680,10074,15,1
1681,10075,6,1
1682,10075,18,2
1683,10076,9,1
1684,10076,14,2
1685,10077,11,1
1686,10078,5,1
1687,10078,10,2
1688,10079,16,1
1689,10079,3,2
1690,10080,13,1
1691,10081,13,1
1692,10082,13,1
1693,10083,13,1
1694,10084,13,1
1695,10085,13,1
1696,10086,14,1
1697,10086,17,2
1698,10087,10,1
1699,10087,5,2
1700,10088,1,1
1701,10088,2,2
1702,10089,16,1
1703,10089,3,2
1704,10090,7,1
1705,10090,4,2
1706,10091,17,1
1707,10091,1,2
1708,10092,17,1
1709,10092,1,2
1710,10093,17,1
1711,10093,1,2
1712,10094,13,1
1713,10095,13,1
1714,10096,13,1
1715,10097,13,1
1716,10098,13,1
1717,10099,13,1
1718,10100,13,1
1719,10100,14,2
1720,10101,15,1
1721,10101,9,2
1722,10102,15,1
1723,10102,9,2
1724,10103,15,1
1725,10104,15,1
1726,10104,18,2
1727,10105,5,1
1728,10105,9,2
1729,10106,5,1
1730,10106,9,2
1731,10107,17,1
1732,10108,17,1
1733,10109,6,1
1734,10109,13,2
1735,10110,6,1
1736,10110,13,2
1737,10111,6,1
1738,10111,13,2
1739,10112,4,1
1740,10112,17,2
1741,10113,4,1
1742,10113,17,2
1743,10114,12,1
1744,10114,16,2
1745,10115,10,1
1746,10115,8,2
1747,10116,11,1
1748,10116,17,2
1749,10117,11,1
1750,10117,17,2
1751,10118,16,1
1752,10118,5,2
1753,10119,16,1
1754,10119,5,2
1755,10120,16,1
1756,10120,5,2
1757,10121,1,1
1758,10122,7,1
1759,10122,13,2
1760,10123,13,1
1761,10123,3,2
1762,10124,14,1
1763,10124,3,2
1764,10125,8,1
1765,10125,3,2
1766,10126,6,1
1767,10127,11,1
1768,10128,12,1
1769,10129,4,1
1770,10129,10,2
1771,10130,6,1
1772,10130,3,2
1773,10131,6,1
1774,10131,3,2
1775,10132,6,1
1776,10132,3,2
1777,10133,6,1
1778,10133,3,2
1779,10134,6,1
1780,10134,3,2
1781,10135,6,1
1782,10135,3,2
1783,10136,6,1
1784,10136,3,2
1785,10137,6,1
1786,10137,3,2
1787,10138,6,1
1788,10138,3,2
1789,10139,6,1
1790,10139,3,2
1791,10140,6,1
1792,10140,3,2
1793,10141,6,1
1794,10141,3,2
1795,10142,6,1
1796,10142,3,2
1797,10143,8,1
1798,10143,18,2
1799,10144,8,1
1800,10144,18,2
1801,10145,8,1
1802,10145,18,2
1803,10146,16,1
1804,10146,2,2
1805,10147,9,1
1806,10147,18,2
1807,10148,13,1
1808,10149,10,1
1809,10149,8,2
1810,10150,7,1
1811,10150,18,2
1812,10151,6,1
1813,10152,6,1
1814,10153,11,1
1815,10153,7,2
1816,10154,13,1
1817,10154,9,2
1818,10155,14,1
1819,10155,9,2
1820,10156,14,1
1821,10156,8,2
1822,10157,14,1
1823,10157,16,2
1824,10158,13,1
1825,10159,1,1
1826,10160,13,1
1827,10161,9,1
1828,10162,14,1
1829,10163,14,1
1830,10163,18,2
1831,10164,14,1
1832,10165,4,1
1833,10165,14,2
1834,10166,2,1
1835,10167,4,1
1836,10167,18,2
1837,10168,15,1
1838,10168,14,2
1839,10169,14,1
1840,10169,3,2
1841,10170,2,1
1842,10170,3,2
1843,10171,17,1
1844,10171,3,2
1845,10172,4,1
1846,10172,14,2
1847,10173,8,1
1848,10174,17,1
1849,10174,1,2
1850,10175,17,1
1851,10175,1,2
1852,10176,15,1
1853,10177,15,1
1854,10178,15,1
1855,10178,10,2
1856,10179,5,1
1857,10179,8,2
1858,10180,5,1
1859,10180,9,2
1860,10181,16,1
1861,10181,5,2
1862,10182,3,1
1863,10182,11,2
1864,10183,3,1
1865,10183,11,2
1866,10184,13,1
1867,10184,4,2
1868,10185,15,1
1869,10186,14,1
1870,10186,1,2
1871,10187,13,1
1872,10187,17,2
1873,10188,18,1
1874,10188,9,2
1875,10189,2,1
1876,10189,9,2
1877,10190,4,1
1878,10190,16,2
1879,10191,2,1
1880,10191,11,2
1881,10192,17,1
1882,10192,12,2
1883,10193,14,1
1884,10193,15,2
1885,10194,14,1
1886,10194,8,2
1887,10195,12,1
1888,10195,4,2
1889,10196,10,1
1890,10196,3,2
1891,10197,11,1
1892,10198,7,1
1893,10198,3,2
1894,10199,13,1
1895,10200,1,1
1896,10201,2,1
1897,10202,8,1
1898,10202,4,2
1899,10203,11,1
1900,10204,11,1
1901,10204,15,2
1902,10205,1,1
1903,10206,1,1
1904,10207,4,1
1905,10208,9,1
1906,10209,12,1
1907,10210,10,1
1908,10211,11,1
1909,10212,3,1
1910,10212,9,2
1911,10213,7,1
1912,10213,14,2
1913,10214,11,1
1914,10214,6,2
1915,10215,6,1
1916,10215,10,2
1917,10216,12,1
1918,10216,16,2
1919,10217,12,1
1920,10217,16,2
1921,10218,5,1
1922,10219,13,1
1923,10219,4,2
1924,10220,10,1
1925,10220,7,2
1926,10221,14,1
1927,10221,18,2
1928,10222,17,1
1929,10222,18,2
1930,10223,18,1
1931,10224,9,1
1932,10225,9,1
1933,10225,16,2
1934,10226,2,1
1935,10226,17,2
1936,10227,2,1
1937,10227,11,2
1938,10228,13,1
1939,10228,4,2
1940,10229,10,1
1941,10229,6,2
1942,10230,10,1
1943,10230,6,2
1944,10231,13,1
1945,10231,12,2
1946,10232,13,1
1947,10232,12,2
1948,10233,10,1
1949,10233,8,2
1950,10234,17,1
1951,10234,4,2
1952,10235,2,1
1953,10235,4,2
1954,10236,11,1
1955,10236,17,2
1956,10237,12,1
1957,10237,2,2
1958,10238,1,1
1959,10238,8,2
1960,10239,1,1
1961,10239,8,2
1962,10240,14,1
1963,10240,3,2
1964,10241,9,1
1965,10241,16,2
1966,10242,9,1
1967,10242,16,2
1968,10243,15,1
1969,10243,6,2
1970,10244,12,1
1971,10244,2,2
1972,10245,9,1
1973,10245,16,2
1974,10246,11,1
1975,10246,16,2
1976,10247,11,1
1977,10248,11,1
1978,10248,8,2
1979,10249,18,1
1980,10249,3,2
1981,10250,2,1
1982,10251,2,1
1983,10251,10,2
1984,10252,2,1
1985,10252,11,2
1986,10253,4,1
1987,10253,5,2
1988,10254,1,1
1989,10255,1,1
1990,10256,11,1
1991,10257,1,1
1992,10258,16,1
1993,10258,11,2
1994,10259,16,1
1995,10259,11,2
1996,10260,1,1
1997,10260,3,2
1998,10261,1,1
1999,10261,3,2
2000,10262,1,1
2001,10262,3,2
2002,10263,8,1
2003,10264,2,1
2004,10264,16,2
2005,10265,2,1
2006,10265,16,2
2007,10266,2,1
2008,10266,16,2
2009,10267,2,1
2010,10267,16,2
2011,10268,13,1
2012,10268,16,2
2013,10269,13,1
2014,10269,16,2
2015,10270,13,1
2016,10270,16,2
2017,10271,13,1
2018,10271,16,2
2019,10272,5,1
2020,10272,1,2
2021,10273,12,1
2022,10273,11,2
2023,10274,12,1
2024,10274,10,2
2025,10275,12,1
2026,10275,6,2
2027,10276,1,1
2028,10277,1,1
2029,10278,18,1
2030,10278,3,2
2031,10279,12,1
2032,10279,4,2
2033,10280,11,1
2034,10280,14,2
2035,10281,16,1
2036,10281,3,2
2037,10282,12,1
2038,10282,18,2
2039,10283,11,1
2040,10283,16,2
2041,10284,9,1
2042,10284,3,2
2043,10285,15,1
2044,10285,8,2
2045,10286,10,1
2046,10286,2,2
2047,10287,5,1
2048,10287,9,2
2049,10288,7,1
2050,10288,4,2
2051,10289,17,1
2052,10289,2,2
2053,10290,13,1
2054,10291,8,1
2055,10291,10,2
2056,10292,12,1
2057,10292,2,2
2058,10293,10,1
2059,10293,14,2
2060,10294,11,1
2061,10294,17,2
2062,10295,10,1
2063,10295,1,2
2064,10296,18,1
2065,10297,17,1
2066,10297,14,2
2067,10298,6,1
2068,10298,2,2
2069,10299,4,1
2070,10299,16,2
2071,10300,2,1
2072,10300,3,2
2073,10301,16,1
2074,10301,5,2
2075,10302,1,1
2076,10302,16,2
2077,10303,2,1
2078,10304,13,1
2079,10305,13,1
2080,10306,14,1
2081,10306,9,2
2082,10307,17,1
2083,10307,8,2
2084,10308,2,1
2085,10308,3,2
2086,10309,16,1
2087,10310,2,1
2088,10310,9,2
2089,10311,10,1
2090,10311,9,2
2091,10312,17,1
2092,10313,5,1
2093,10313,8,2
2094,10314,14,1
2095,10315,2,1
2096,10315,15,2
2097,10316,7,1
2098,10316,9,2
2099,10317,9,1
2100,10317,18,2
2101,10318,9,1
2102,10318,18,2
2103,10319,13,1
2104,10320,12,1
2105,10320,10,2
2106,10321,6,1
2107,10321,4,2
2108,10322,16,1
2109,10322,11,2
2110,10323,16,1
2111,10323,11,2
2112,10324,16,1
2113,10324,11,2
2114,10325,16,1
2115,10325,15,2
